timestamp, index, utilization.gpu [%], memory.used [MiB]
2026/09/02 18:42:49.776, 0, 0 %, 0 MiB
2026/09/02 18:42:49.782, 1, 0 %, 0 MiB
2026/09/02 18:42:54.787, 0, 0 %, 3 MiB
2026/09/02 18:42:54.787, 1, 0 %, 0 MiB
2026/09/02 18:42:59.788, 0, 0 %, 3 MiB
2026/09/02 18:42:59.788, 1, 0 %, 0 MiB
2026/09/02 18:43:04.788, 0, 0 %, 3 MiB
2026/09/02 18:43:04.788, 1, 0 %, 0 MiB
2026/09/02 18:43:09.789, 0, 0 %, 3 MiB
2026/09/02 18:43:09.789, 1, 0 %, 0 MiB
2026/09/02 18:43:14.789, 0, 0 %, 3 MiB
2026/09/02 18:43:14.790, 1, 0 %, 0 MiB
2026/09/02 18:43:19.790, 0, 0 %, 3119 MiB
2026/09/02 18:43:19.790, 1, 0 %, 0 MiB
2026/09/02 18:43:24.791, 0, 0 %, 15357 MiB
2026/09/02 18:43:24.791, 1, 0 %, 0 MiB
2026/09/02 18:43:29.791, 0, 0 %, 15357 MiB
2026/09/02 18:43:29.791, 1, 0 %, 0 MiB
2026/09/02 18:43:34.792, 0, 0 %, 15357 MiB
2026/09/02 18:43:34.792, 1, 0 %, 0 MiB
2026/09/02 18:43:39.793, 0, 0 %, 15357 MiB
2026/09/02 18:43:39.793, 1, 0 %, 0 MiB
2026/09/02 18:43:44.793, 0, 0 %, 15357 MiB
2026/09/02 18:43:44.793, 1, 0 %, 0 MiB
2026/09/02 18:43:49.794, 0, 0 %, 15357 MiB
2026/09/02 18:43:49.794, 1, 0 %, 0 MiB
2026/09/02 18:43:54.795, 0, 0 %, 15357 MiB
2026/09/02 18:43:54.795, 1, 0 %, 0 MiB
2026/09/02 18:43:59.795, 0, 0 %, 15357 MiB
2026/09/02 18:43:59.796, 1, 0 %, 0 MiB
2026/09/02 18:44:04.796, 0, 100 %, 18667 MiB
2026/09/02 18:44:04.796, 1, 0 %, 0 MiB
2026/09/02 18:44:09.797, 0, 100 %, 18667 MiB
2026/09/02 18:44:09.797, 1, 0 %, 0 MiB
2026/09/02 18:44:14.798, 0, 100 %, 18667 MiB
2026/09/02 18:44:14.798, 1, 0 %, 0 MiB
2026/09/02 18:44:19.798, 0, 0 %, 18667 MiB
2026/09/02 18:44:19.799, 1, 0 %, 0 MiB
2026/09/02 18:44:24.799, 0, 0 %, 18667 MiB
2026/09/02 18:44:24.799, 1, 0 %, 0 MiB
2026/09/02 18:44:29.800, 0, 0 %, 18667 MiB
2026/09/02 18:44:29.800, 1, 0 %, 0 MiB
2026/09/02 18:44:34.800, 0, 0 %, 18667 MiB
2026/09/02 18:44:34.800, 1, 0 %, 0 MiB
2026/09/02 18:44:39.801, 0, 0 %, 18667 MiB
2026/09/02 18:44:39.801, 1, 0 %, 0 MiB
2026/09/02 18:44:44.802, 0, 44 %, 18683 MiB
2026/09/02 18:44:44.802, 1, 0 %, 0 MiB
2026/09/02 18:44:49.802, 0, 100 %, 18683 MiB
2026/09/02 18:44:49.802, 1, 0 %, 0 MiB
2026/09/02 18:44:54.803, 0, 100 %, 18683 MiB
2026/09/02 18:44:54.803, 1, 0 %, 0 MiB
2026/09/02 18:44:59.803, 0, 100 %, 18683 MiB
2026/09/02 18:44:59.804, 1, 0 %, 0 MiB
2026/09/02 18:45:04.804, 0, 100 %, 18683 MiB
2026/09/02 18:45:04.804, 1, 0 %, 0 MiB
2026/09/02 18:45:09.805, 0, 100 %, 18683 MiB
2026/09/02 18:45:09.805, 1, 0 %, 0 MiB
2026/09/02 18:45:14.805, 0, 100 %, 18683 MiB
2026/09/02 18:45:14.806, 1, 0 %, 0 MiB
2026/09/02 18:45:19.806, 0, 100 %, 18683 MiB
2026/09/02 18:45:19.806, 1, 0 %, 0 MiB
2026/09/02 18:45:24.807, 0, 100 %, 18683 MiB
2026/09/02 18:45:24.807, 1, 0 %, 0 MiB
2026/09/02 18:45:29.807, 0, 0 %, 18683 MiB
2026/09/02 18:45:29.807, 1, 0 %, 0 MiB
2026/09/02 18:45:34.808, 0, 0 %, 18683 MiB
2026/09/02 18:45:34.808, 1, 0 %, 0 MiB
2026/09/02 18:45:39.809, 0, 0 %, 18683 MiB
2026/09/02 18:45:39.809, 1, 0 %, 0 MiB
2026/09/02 18:45:44.809, 0, 0 %, 18683 MiB
2026/09/02 18:45:44.810, 1, 0 %, 0 MiB
2026/09/02 18:45:49.810, 0, 0 %, 18683 MiB
2026/09/02 18:45:49.810, 1, 0 %, 0 MiB
2026/09/02 18:45:54.811, 0, 0 %, 18683 MiB
2026/09/02 18:45:54.811, 1, 0 %, 0 MiB
2026/09/02 18:45:59.812, 0, 0 %, 18683 MiB
2026/09/02 18:45:59.812, 1, 0 %, 0 MiB
2026/09/02 18:46:04.812, 0, 0 %, 18683 MiB
2026/09/02 18:46:04.812, 1, 0 %, 0 MiB
2026/09/02 18:46:09.813, 0, 100 %, 18709 MiB
2026/09/02 18:46:09.813, 1, 0 %, 0 MiB
2026/09/02 18:46:14.813, 0, 100 %, 18747 MiB
2026/09/02 18:46:14.814, 1, 0 %, 0 MiB
2026/09/02 18:46:19.814, 0, 100 %, 18747 MiB
2026/09/02 18:46:19.814, 1, 0 %, 0 MiB
2026/09/02 18:46:24.815, 0, 0 %, 18747 MiB
2026/09/02 18:46:24.815, 1, 0 %, 0 MiB
2026/09/02 18:46:29.815, 0, 100 %, 18747 MiB
2026/09/02 18:46:29.816, 1, 0 %, 0 MiB
2026/09/02 18:46:34.816, 0, 100 %, 18747 MiB
2026/09/02 18:46:34.816, 1, 0 %, 0 MiB
2026/09/02 18:46:39.817, 0, 100 %, 18747 MiB
2026/09/02 18:46:39.817, 1, 0 %, 0 MiB
2026/09/02 18:46:44.817, 0, 100 %, 18747 MiB
2026/09/02 18:46:44.818, 1, 0 %, 0 MiB
2026/09/02 18:46:49.818, 0, 0 %, 18747 MiB
2026/09/02 18:46:49.818, 1, 0 %, 0 MiB
2026/09/02 18:46:54.819, 0, 100 %, 18747 MiB
2026/09/02 18:46:54.819, 1, 0 %, 0 MiB
2026/09/02 18:46:59.819, 0, 100 %, 18747 MiB
2026/09/02 18:46:59.819, 1, 0 %, 0 MiB
2026/09/02 18:47:04.820, 0, 100 %, 18747 MiB
2026/09/02 18:47:04.820, 1, 0 %, 0 MiB
2026/09/02 18:47:09.820, 0, 100 %, 18747 MiB
2026/09/02 18:47:09.821, 1, 0 %, 0 MiB
2026/09/02 18:47:14.821, 0, 100 %, 18747 MiB
2026/09/02 18:47:14.821, 1, 0 %, 0 MiB
2026/09/02 18:47:19.822, 0, 100 %, 18747 MiB
2026/09/02 18:47:19.822, 1, 0 %, 0 MiB
2026/09/02 18:47:24.823, 0, 0 %, 18747 MiB
2026/09/02 18:47:24.823, 1, 0 %, 0 MiB
2026/09/02 18:47:29.824, 0, 100 %, 18747 MiB
2026/09/02 18:47:29.824, 1, 0 %, 0 MiB
2026/09/02 18:47:34.825, 0, 100 %, 18747 MiB
2026/09/02 18:47:34.825, 1, 0 %, 0 MiB
2026/09/02 18:47:39.825, 0, 100 %, 18747 MiB
2026/09/02 18:47:39.825, 1, 0 %, 0 MiB
2026/09/02 18:47:44.826, 0, 100 %, 18747 MiB
2026/09/02 18:47:44.826, 1, 0 %, 0 MiB
2026/09/02 18:47:49.826, 0, 100 %, 18747 MiB
2026/09/02 18:47:49.827, 1, 0 %, 0 MiB
2026/09/02 18:47:54.827, 0, 100 %, 18747 MiB
2026/09/02 18:47:54.827, 1, 0 %, 0 MiB
2026/09/02 18:47:59.828, 0, 100 %, 18747 MiB
2026/09/02 18:47:59.828, 1, 0 %, 0 MiB
2026/09/02 18:48:04.829, 0, 100 %, 18747 MiB
2026/09/02 18:48:04.829, 1, 0 %, 0 MiB
2026/09/02 18:48:09.829, 0, 100 %, 18747 MiB
2026/09/02 18:48:09.829, 1, 0 %, 0 MiB
2026/09/02 18:48:14.830, 0, 100 %, 18747 MiB
2026/09/02 18:48:14.830, 1, 0 %, 0 MiB
2026/09/02 18:48:19.830, 0, 100 %, 18747 MiB
2026/09/02 18:48:19.831, 1, 0 %, 0 MiB
2026/09/02 18:48:24.831, 0, 100 %, 18747 MiB
2026/09/02 18:48:24.831, 1, 0 %, 0 MiB
2026/09/02 18:48:29.832, 0, 100 %, 18747 MiB
2026/09/02 18:48:29.832, 1, 0 %, 0 MiB
2026/09/02 18:48:34.832, 0, 100 %, 18747 MiB
2026/09/02 18:48:34.832, 1, 0 %, 0 MiB
2026/09/02 18:48:39.833, 0, 100 %, 18747 MiB
2026/09/02 18:48:39.833, 1, 0 %, 0 MiB
2026/09/02 18:48:44.834, 0, 100 %, 18747 MiB
2026/09/02 18:48:44.834, 1, 0 %, 0 MiB
2026/09/02 18:48:49.834, 0, 100 %, 18747 MiB
2026/09/02 18:48:49.834, 1, 0 %, 0 MiB
2026/09/02 18:48:54.835, 0, 100 %, 18747 MiB
2026/09/02 18:48:54.835, 1, 0 %, 0 MiB
2026/09/02 18:48:59.836, 0, 100 %, 18747 MiB
2026/09/02 18:48:59.836, 1, 0 %, 0 MiB
2026/09/02 18:49:04.836, 0, 100 %, 18747 MiB
2026/09/02 18:49:04.836, 1, 0 %, 0 MiB
2026/09/02 18:49:09.837, 0, 100 %, 18747 MiB
2026/09/02 18:49:09.837, 1, 0 %, 0 MiB
2026/09/02 18:49:14.837, 0, 100 %, 18747 MiB
2026/09/02 18:49:14.838, 1, 0 %, 0 MiB
2026/09/02 18:49:19.838, 0, 100 %, 18747 MiB
2026/09/02 18:49:19.838, 1, 0 %, 0 MiB
2026/09/02 18:49:24.839, 0, 100 %, 18747 MiB
2026/09/02 18:49:24.839, 1, 0 %, 0 MiB
2026/09/02 18:49:29.839, 0, 100 %, 18747 MiB
2026/09/02 18:49:29.839, 1, 0 %, 0 MiB
2026/09/02 18:49:34.840, 0, 100 %, 18747 MiB
2026/09/02 18:49:34.840, 1, 0 %, 0 MiB
2026/09/02 18:49:39.840, 0, 100 %, 18747 MiB
2026/09/02 18:49:39.841, 1, 0 %, 0 MiB
2026/09/02 18:49:44.841, 0, 100 %, 18747 MiB
2026/09/02 18:49:44.841, 1, 0 %, 0 MiB
2026/09/02 18:49:49.842, 0, 100 %, 18747 MiB
2026/09/02 18:49:49.842, 1, 0 %, 0 MiB
2026/09/02 18:49:54.842, 0, 44 %, 18747 MiB
2026/09/02 18:49:54.842, 1, 0 %, 0 MiB
2026/09/02 18:49:59.843, 0, 100 %, 18747 MiB
2026/09/02 18:49:59.843, 1, 0 %, 0 MiB
2026/09/02 18:50:04.843, 0, 93 %, 18747 MiB
2026/09/02 18:50:04.844, 1, 0 %, 0 MiB
2026/09/02 18:50:09.844, 0, 0 %, 18747 MiB
2026/09/02 18:50:09.844, 1, 0 %, 0 MiB
2026/09/02 18:50:14.845, 0, 0 %, 18747 MiB
2026/09/02 18:50:14.845, 1, 0 %, 0 MiB
2026/09/02 18:50:19.845, 0, 0 %, 18747 MiB
2026/09/02 18:50:19.846, 1, 0 %, 0 MiB
2026/09/02 18:50:24.846, 0, 0 %, 18747 MiB
2026/09/02 18:50:24.846, 1, 0 %, 0 MiB
2026/09/02 18:50:29.847, 0, 0 %, 18747 MiB
2026/09/02 18:50:29.847, 1, 0 %, 0 MiB
2026/09/02 18:50:34.847, 0, 0 %, 18747 MiB
2026/09/02 18:50:34.847, 1, 0 %, 0 MiB
2026/09/02 18:50:39.848, 0, 0 %, 18747 MiB
2026/09/02 18:50:39.848, 1, 0 %, 0 MiB
2026/09/02 18:50:44.848, 0, 0 %, 18747 MiB
2026/09/02 18:50:44.849, 1, 0 %, 0 MiB
2026/09/02 18:50:49.849, 0, 0 %, 18747 MiB
2026/09/02 18:50:49.849, 1, 0 %, 0 MiB
2026/09/02 18:50:54.850, 0, 0 %, 18747 MiB
2026/09/02 18:50:54.850, 1, 0 %, 0 MiB
2026/09/02 18:50:59.850, 0, 0 %, 18747 MiB
2026/09/02 18:50:59.850, 1, 0 %, 0 MiB
2026/09/02 18:51:04.851, 0, 0 %, 18747 MiB
2026/09/02 18:51:04.851, 1, 0 %, 0 MiB
2026/09/02 18:51:09.851, 0, 0 %, 18747 MiB
2026/09/02 18:51:09.851, 1, 0 %, 0 MiB
2026/09/02 18:51:14.852, 0, 0 %, 18747 MiB
2026/09/02 18:51:14.852, 1, 0 %, 0 MiB
2026/09/02 18:51:19.852, 0, 0 %, 18747 MiB
2026/09/02 18:51:19.853, 1, 0 %, 0 MiB
2026/09/02 18:51:24.853, 0, 0 %, 18747 MiB
2026/09/02 18:51:24.853, 1, 0 %, 0 MiB
2026/09/02 18:51:29.854, 0, 0 %, 18747 MiB
2026/09/02 18:51:29.854, 1, 0 %, 0 MiB
2026/09/02 18:51:34.855, 0, 0 %, 18747 MiB
2026/09/02 18:51:34.855, 1, 0 %, 0 MiB
2026/09/02 18:51:39.856, 0, 0 %, 18747 MiB
2026/09/02 18:51:39.856, 1, 0 %, 0 MiB
2026/09/02 18:51:44.856, 0, 0 %, 18747 MiB
2026/09/02 18:51:44.856, 1, 0 %, 0 MiB
2026/09/02 18:51:49.857, 0, 0 %, 18747 MiB
2026/09/02 18:51:49.857, 1, 0 %, 0 MiB
2026/09/02 18:51:54.857, 0, 0 %, 18747 MiB
2026/09/02 18:51:54.857, 1, 0 %, 0 MiB
2026/09/02 18:51:59.858, 0, 0 %, 18747 MiB
2026/09/02 18:51:59.858, 1, 0 %, 0 MiB
2026/09/02 18:52:04.859, 0, 0 %, 18747 MiB
2026/09/02 18:52:04.859, 1, 0 %, 0 MiB
2026/09/02 18:52:09.859, 0, 0 %, 18747 MiB
2026/09/02 18:52:09.859, 1, 0 %, 0 MiB
2026/09/02 18:52:14.860, 0, 0 %, 18747 MiB
2026/09/02 18:52:14.860, 1, 0 %, 0 MiB
2026/09/02 18:52:19.860, 0, 0 %, 18747 MiB
2026/09/02 18:52:19.861, 1, 0 %, 0 MiB
2026/09/02 18:52:24.861, 0, 0 %, 18747 MiB
2026/09/02 18:52:24.861, 1, 0 %, 0 MiB
2026/09/02 18:52:29.862, 0, 0 %, 18747 MiB
2026/09/02 18:52:29.862, 1, 0 %, 0 MiB
2026/09/02 18:52:34.863, 0, 0 %, 18747 MiB
2026/09/02 18:52:34.863, 1, 0 %, 0 MiB
2026/09/02 18:52:39.863, 0, 0 %, 18747 MiB
2026/09/02 18:52:39.864, 1, 0 %, 0 MiB
2026/09/02 18:52:44.864, 0, 0 %, 18747 MiB
2026/09/02 18:52:44.864, 1, 0 %, 0 MiB
2026/09/02 18:52:49.865, 0, 0 %, 18747 MiB
2026/09/02 18:52:49.865, 1, 0 %, 0 MiB
2026/09/02 18:52:54.865, 0, 0 %, 18747 MiB
2026/09/02 18:52:54.865, 1, 0 %, 0 MiB
2026/09/02 18:52:59.866, 0, 0 %, 18747 MiB
2026/09/02 18:52:59.866, 1, 0 %, 0 MiB
2026/09/02 18:53:04.867, 0, 0 %, 18747 MiB
2026/09/02 18:53:04.867, 1, 0 %, 0 MiB
2026/09/02 18:53:09.867, 0, 0 %, 18747 MiB
2026/09/02 18:53:09.867, 1, 0 %, 0 MiB
2026/09/02 18:53:14.868, 0, 0 %, 18747 MiB
2026/09/02 18:53:14.868, 1, 0 %, 0 MiB
2026/09/02 18:53:19.869, 0, 0 %, 18747 MiB
2026/09/02 18:53:19.869, 1, 0 %, 0 MiB
2026/09/02 18:53:24.869, 0, 0 %, 18747 MiB
2026/09/02 18:53:24.870, 1, 0 %, 0 MiB
2026/09/02 18:53:29.870, 0, 0 %, 18747 MiB
2026/09/02 18:53:29.870, 1, 0 %, 0 MiB
2026/09/02 18:53:34.871, 0, 0 %, 18747 MiB
2026/09/02 18:53:34.871, 1, 0 %, 0 MiB
2026/09/02 18:53:39.872, 0, 0 %, 18747 MiB
2026/09/02 18:53:39.872, 1, 0 %, 0 MiB
2026/09/02 18:53:44.872, 0, 0 %, 18747 MiB
2026/09/02 18:53:44.872, 1, 0 %, 0 MiB
2026/09/02 18:53:49.873, 0, 0 %, 18747 MiB
2026/09/02 18:53:49.873, 1, 0 %, 0 MiB
2026/09/02 18:53:54.874, 0, 0 %, 18747 MiB
2026/09/02 18:53:54.874, 1, 0 %, 0 MiB
2026/09/02 18:53:59.874, 0, 0 %, 18747 MiB
2026/09/02 18:53:59.874, 1, 0 %, 0 MiB
2026/09/02 18:54:04.875, 0, 0 %, 18747 MiB
2026/09/02 18:54:04.875, 1, 0 %, 0 MiB
2026/09/02 18:54:09.876, 0, 0 %, 18747 MiB
2026/09/02 18:54:09.876, 1, 0 %, 0 MiB
2026/09/02 18:54:14.876, 0, 0 %, 18747 MiB
2026/09/02 18:54:14.876, 1, 0 %, 0 MiB
2026/09/02 18:54:19.877, 0, 0 %, 18747 MiB
2026/09/02 18:54:19.877, 1, 0 %, 0 MiB
2026/09/02 18:54:24.878, 0, 0 %, 18747 MiB
2026/09/02 18:54:24.878, 1, 0 %, 0 MiB
2026/09/02 18:54:29.878, 0, 0 %, 18747 MiB
2026/09/02 18:54:29.879, 1, 0 %, 0 MiB
2026/09/02 18:54:34.879, 0, 0 %, 18747 MiB
2026/09/02 18:54:34.879, 1, 0 %, 0 MiB
2026/09/02 18:54:39.880, 0, 0 %, 18747 MiB
2026/09/02 18:54:39.880, 1, 0 %, 0 MiB
2026/09/02 18:54:44.880, 0, 0 %, 18747 MiB
2026/09/02 18:54:44.881, 1, 0 %, 0 MiB
2026/09/02 18:54:49.881, 0, 0 %, 18747 MiB
2026/09/02 18:54:49.881, 1, 0 %, 0 MiB
2026/09/02 18:54:54.882, 0, 0 %, 18747 MiB
2026/09/02 18:54:54.882, 1, 0 %, 0 MiB
2026/09/02 18:54:59.883, 0, 0 %, 18747 MiB
2026/09/02 18:54:59.883, 1, 0 %, 0 MiB
2026/09/02 18:55:04.884, 0, 0 %, 18747 MiB
2026/09/02 18:55:04.884, 1, 0 %, 0 MiB
2026/09/02 18:55:09.884, 0, 0 %, 18747 MiB
2026/09/02 18:55:09.885, 1, 0 %, 0 MiB
2026/09/02 18:55:14.885, 0, 0 %, 18747 MiB
2026/09/02 18:55:14.885, 1, 0 %, 0 MiB
2026/09/02 18:55:19.885, 0, 0 %, 18747 MiB
2026/09/02 18:55:19.886, 1, 0 %, 0 MiB
2026/09/02 18:55:24.886, 0, 0 %, 18747 MiB
2026/09/02 18:55:24.886, 1, 0 %, 0 MiB
2026/09/02 18:55:29.887, 0, 0 %, 18747 MiB
2026/09/02 18:55:29.887, 1, 0 %, 0 MiB
2026/09/02 18:55:34.888, 0, 0 %, 18747 MiB
2026/09/02 18:55:34.888, 1, 0 %, 0 MiB
2026/09/02 18:55:39.888, 0, 0 %, 18747 MiB
2026/09/02 18:55:39.888, 1, 0 %, 0 MiB
2026/09/02 18:55:44.889, 0, 0 %, 18747 MiB
2026/09/02 18:55:44.889, 1, 0 %, 0 MiB
2026/09/02 18:55:49.889, 0, 0 %, 18747 MiB
2026/09/02 18:55:49.890, 1, 0 %, 0 MiB
2026/09/02 18:55:54.890, 0, 0 %, 18747 MiB
2026/09/02 18:55:54.890, 1, 0 %, 0 MiB
2026/09/02 18:55:59.891, 0, 0 %, 18747 MiB
2026/09/02 18:55:59.891, 1, 0 %, 0 MiB
2026/09/02 18:56:04.891, 0, 0 %, 18747 MiB
2026/09/02 18:56:04.891, 1, 0 %, 0 MiB
2026/09/02 18:56:09.892, 0, 0 %, 18747 MiB
2026/09/02 18:56:09.892, 1, 0 %, 0 MiB
2026/09/02 18:56:14.892, 0, 0 %, 18747 MiB
2026/09/02 18:56:14.893, 1, 0 %, 0 MiB
2026/09/02 18:56:19.893, 0, 0 %, 18747 MiB
2026/09/02 18:56:19.893, 1, 0 %, 0 MiB
2026/09/02 18:56:24.894, 0, 0 %, 18747 MiB
2026/09/02 18:56:24.894, 1, 0 %, 0 MiB
2026/09/02 18:56:29.895, 0, 0 %, 18747 MiB
2026/09/02 18:56:29.895, 1, 0 %, 0 MiB
2026/09/02 18:56:34.895, 0, 0 %, 18747 MiB
2026/09/02 18:56:34.895, 1, 0 %, 0 MiB
2026/09/02 18:56:39.896, 0, 0 %, 18747 MiB
2026/09/02 18:56:39.896, 1, 0 %, 0 MiB
2026/09/02 18:56:44.896, 0, 0 %, 18747 MiB
2026/09/02 18:56:44.897, 1, 0 %, 0 MiB
2026/09/02 18:56:49.897, 0, 0 %, 18747 MiB
2026/09/02 18:56:49.897, 1, 0 %, 0 MiB
2026/09/02 18:56:54.898, 0, 0 %, 18747 MiB
2026/09/02 18:56:54.898, 1, 0 %, 0 MiB
2026/09/02 18:56:59.898, 0, 0 %, 18747 MiB
2026/09/02 18:56:59.898, 1, 0 %, 0 MiB
2026/09/02 18:57:04.899, 0, 0 %, 18747 MiB
2026/09/02 18:57:04.899, 1, 0 %, 0 MiB
2026/09/02 18:57:09.900, 0, 0 %, 18747 MiB
2026/09/02 18:57:09.900, 1, 0 %, 0 MiB
2026/09/02 18:57:14.900, 0, 0 %, 18747 MiB
2026/09/02 18:57:14.900, 1, 0 %, 0 MiB
2026/09/02 18:57:19.901, 0, 0 %, 18747 MiB
2026/09/02 18:57:19.901, 1, 0 %, 0 MiB
2026/09/02 18:57:24.902, 0, 0 %, 18747 MiB
2026/09/02 18:57:24.902, 1, 0 %, 0 MiB
2026/09/02 18:57:29.903, 0, 0 %, 18747 MiB
2026/09/02 18:57:29.903, 1, 0 %, 0 MiB
2026/09/02 18:57:34.903, 0, 0 %, 18747 MiB
2026/09/02 18:57:34.903, 1, 0 %, 0 MiB
2026/09/02 18:57:39.904, 0, 0 %, 18747 MiB
2026/09/02 18:57:39.904, 1, 0 %, 0 MiB
2026/09/02 18:57:44.905, 0, 0 %, 18747 MiB
2026/09/02 18:57:44.905, 1, 0 %, 0 MiB
2026/09/02 18:57:49.905, 0, 0 %, 18747 MiB
2026/09/02 18:57:49.905, 1, 0 %, 0 MiB
2026/09/02 18:57:54.906, 0, 0 %, 18747 MiB
2026/09/02 18:57:54.906, 1, 0 %, 0 MiB
2026/09/02 18:57:59.907, 0, 0 %, 18747 MiB
2026/09/02 18:57:59.907, 1, 0 %, 0 MiB
2026/09/02 18:58:04.907, 0, 0 %, 18747 MiB
2026/09/02 18:58:04.907, 1, 0 %, 0 MiB
2026/09/02 18:58:09.908, 0, 0 %, 18747 MiB
2026/09/02 18:58:09.908, 1, 0 %, 0 MiB
2026/09/02 18:58:14.909, 0, 0 %, 18747 MiB
2026/09/02 18:58:14.909, 1, 0 %, 0 MiB
2026/09/02 18:58:19.909, 0, 0 %, 18747 MiB
2026/09/02 18:58:19.909, 1, 0 %, 0 MiB
2026/09/02 18:58:24.910, 0, 0 %, 18747 MiB
2026/09/02 18:58:24.910, 1, 0 %, 0 MiB
2026/09/02 18:58:29.911, 0, 0 %, 18747 MiB
2026/09/02 18:58:29.911, 1, 0 %, 0 MiB
2026/09/02 18:58:34.911, 0, 0 %, 18747 MiB
2026/09/02 18:58:34.911, 1, 0 %, 0 MiB
2026/09/02 18:58:39.912, 0, 0 %, 18747 MiB
2026/09/02 18:58:39.912, 1, 0 %, 0 MiB
2026/09/02 18:58:44.912, 0, 0 %, 18747 MiB
2026/09/02 18:58:44.913, 1, 0 %, 0 MiB
2026/09/02 18:58:49.913, 0, 0 %, 18747 MiB
2026/09/02 18:58:49.913, 1, 0 %, 0 MiB
2026/09/02 18:58:54.914, 0, 0 %, 18747 MiB
2026/09/02 18:58:54.914, 1, 0 %, 0 MiB
2026/09/02 18:58:59.914, 0, 0 %, 18747 MiB
2026/09/02 18:58:59.914, 1, 0 %, 0 MiB
2026/09/02 18:59:04.915, 0, 0 %, 18747 MiB
2026/09/02 18:59:04.915, 1, 0 %, 0 MiB
2026/09/02 18:59:09.915, 0, 0 %, 18747 MiB
2026/09/02 18:59:09.916, 1, 0 %, 0 MiB
2026/09/02 18:59:14.916, 0, 0 %, 18747 MiB
2026/09/02 18:59:14.916, 1, 0 %, 0 MiB
2026/09/02 18:59:19.917, 0, 0 %, 18747 MiB
2026/09/02 18:59:19.917, 1, 0 %, 0 MiB
2026/09/02 18:59:24.917, 0, 0 %, 18747 MiB
2026/09/02 18:59:24.918, 1, 0 %, 0 MiB
2026/09/02 18:59:29.918, 0, 0 %, 18747 MiB
2026/09/02 18:59:29.918, 1, 0 %, 0 MiB
2026/09/02 18:59:34.919, 0, 0 %, 18747 MiB
2026/09/02 18:59:34.919, 1, 0 %, 0 MiB
2026/09/02 18:59:39.919, 0, 0 %, 18747 MiB
2026/09/02 18:59:39.920, 1, 0 %, 0 MiB
2026/09/02 18:59:44.920, 0, 0 %, 18747 MiB
2026/09/02 18:59:44.920, 1, 0 %, 0 MiB
2026/09/02 18:59:49.921, 0, 0 %, 18747 MiB
2026/09/02 18:59:49.921, 1, 0 %, 0 MiB
2026/09/02 18:59:54.921, 0, 0 %, 18747 MiB
2026/09/02 18:59:54.921, 1, 0 %, 0 MiB
2026/09/02 18:59:59.922, 0, 0 %, 18747 MiB
2026/09/02 18:59:59.922, 1, 0 %, 0 MiB
2026/09/02 19:00:04.923, 0, 0 %, 18747 MiB
2026/09/02 19:00:04.923, 1, 0 %, 0 MiB
2026/09/02 19:00:09.923, 0, 0 %, 18747 MiB
2026/09/02 19:00:09.923, 1, 0 %, 0 MiB
2026/09/02 19:00:14.924, 0, 100 %, 18789 MiB
2026/09/02 19:00:14.924, 1, 0 %, 0 MiB
2026/09/02 19:00:19.925, 0, 100 %, 18789 MiB
2026/09/02 19:00:19.925, 1, 0 %, 0 MiB
2026/09/02 19:00:24.925, 0, 100 %, 18867 MiB
2026/09/02 19:00:24.926, 1, 0 %, 0 MiB
2026/09/02 19:00:29.926, 0, 100 %, 18867 MiB
2026/09/02 19:00:29.926, 1, 0 %, 0 MiB
2026/09/02 19:00:34.927, 0, 100 %, 18867 MiB
2026/09/02 19:00:34.927, 1, 0 %, 0 MiB
2026/09/02 19:00:39.927, 0, 100 %, 18867 MiB
2026/09/02 19:00:39.927, 1, 0 %, 0 MiB
2026/09/02 19:00:44.928, 0, 0 %, 18867 MiB
2026/09/02 19:00:44.928, 1, 0 %, 0 MiB
2026/09/02 19:00:49.928, 0, 100 %, 18867 MiB
2026/09/02 19:00:49.929, 1, 0 %, 0 MiB
2026/09/02 19:00:54.929, 0, 100 %, 18867 MiB
2026/09/02 19:00:54.929, 1, 0 %, 0 MiB
2026/09/02 19:00:59.930, 0, 100 %, 18867 MiB
2026/09/02 19:00:59.930, 1, 0 %, 0 MiB
2026/09/02 19:01:04.930, 0, 100 %, 18867 MiB
2026/09/02 19:01:04.931, 1, 0 %, 0 MiB
2026/09/02 19:01:09.931, 0, 100 %, 18867 MiB
2026/09/02 19:01:09.931, 1, 0 %, 0 MiB
2026/09/02 19:01:14.932, 0, 100 %, 18867 MiB
2026/09/02 19:01:14.932, 1, 0 %, 0 MiB
2026/09/02 19:01:19.932, 0, 100 %, 18867 MiB
2026/09/02 19:01:19.932, 1, 0 %, 0 MiB
2026/09/02 19:01:24.933, 0, 100 %, 18867 MiB
2026/09/02 19:01:24.933, 1, 0 %, 0 MiB
2026/09/02 19:01:29.933, 0, 100 %, 18867 MiB
2026/09/02 19:01:29.933, 1, 0 %, 0 MiB
2026/09/02 19:01:34.934, 0, 100 %, 18867 MiB
2026/09/02 19:01:34.934, 1, 0 %, 0 MiB
2026/09/02 19:01:39.935, 0, 0 %, 18867 MiB
2026/09/02 19:01:39.935, 1, 0 %, 0 MiB
2026/09/02 19:01:44.935, 0, 0 %, 18867 MiB
2026/09/02 19:01:44.935, 1, 0 %, 0 MiB
2026/09/02 19:01:49.936, 0, 100 %, 18867 MiB
2026/09/02 19:01:49.936, 1, 0 %, 0 MiB
2026/09/02 19:01:54.936, 0, 100 %, 18867 MiB
2026/09/02 19:01:54.937, 1, 0 %, 0 MiB
2026/09/02 19:01:59.937, 0, 100 %, 18867 MiB
2026/09/02 19:01:59.937, 1, 0 %, 0 MiB
2026/09/02 19:02:04.938, 0, 100 %, 18867 MiB
2026/09/02 19:02:04.938, 1, 0 %, 0 MiB
2026/09/02 19:02:09.939, 0, 100 %, 18867 MiB
2026/09/02 19:02:09.939, 1, 0 %, 0 MiB
2026/09/02 19:02:14.939, 0, 100 %, 18867 MiB
2026/09/02 19:02:14.940, 1, 0 %, 0 MiB
2026/09/02 19:02:19.940, 0, 100 %, 18867 MiB
2026/09/02 19:02:19.940, 1, 0 %, 0 MiB
2026/09/02 19:02:24.941, 0, 100 %, 18867 MiB
2026/09/02 19:02:24.941, 1, 0 %, 0 MiB
2026/09/02 19:02:29.942, 0, 100 %, 18867 MiB
2026/09/02 19:02:29.942, 1, 0 %, 0 MiB
2026/09/02 19:02:34.942, 0, 100 %, 18867 MiB
2026/09/02 19:02:34.942, 1, 0 %, 0 MiB
2026/09/02 19:02:39.943, 0, 100 %, 18867 MiB
2026/09/02 19:02:39.943, 1, 0 %, 0 MiB
2026/09/02 19:02:44.944, 0, 100 %, 18867 MiB
2026/09/02 19:02:44.944, 1, 0 %, 0 MiB
2026/09/02 19:02:49.944, 0, 100 %, 18867 MiB
2026/09/02 19:02:49.944, 1, 0 %, 0 MiB
2026/09/02 19:02:54.945, 0, 100 %, 18867 MiB
2026/09/02 19:02:54.945, 1, 0 %, 0 MiB
2026/09/02 19:02:59.945, 0, 100 %, 18867 MiB
2026/09/02 19:02:59.946, 1, 0 %, 0 MiB
2026/09/02 19:03:04.946, 0, 100 %, 18867 MiB
2026/09/02 19:03:04.946, 1, 0 %, 0 MiB
2026/09/02 19:03:09.947, 0, 100 %, 18867 MiB
2026/09/02 19:03:09.947, 1, 0 %, 0 MiB
2026/09/02 19:03:14.947, 0, 100 %, 18867 MiB
2026/09/02 19:03:14.947, 1, 0 %, 0 MiB
2026/09/02 19:03:19.948, 0, 100 %, 18867 MiB
2026/09/02 19:03:19.948, 1, 0 %, 0 MiB
2026/09/02 19:03:24.948, 0, 0 %, 18867 MiB
2026/09/02 19:03:24.948, 1, 0 %, 0 MiB
2026/09/02 19:03:29.949, 0, 0 %, 18867 MiB
2026/09/02 19:03:29.949, 1, 0 %, 0 MiB
2026/09/02 19:03:34.950, 0, 100 %, 18867 MiB
2026/09/02 19:03:34.950, 1, 0 %, 0 MiB
2026/09/02 19:03:39.950, 0, 100 %, 18867 MiB
2026/09/02 19:03:39.950, 1, 0 %, 0 MiB
2026/09/02 19:03:44.951, 0, 100 %, 18867 MiB
2026/09/02 19:03:44.951, 1, 0 %, 0 MiB
2026/09/02 19:03:49.951, 0, 100 %, 18867 MiB
2026/09/02 19:03:49.952, 1, 0 %, 0 MiB
2026/09/02 19:03:54.952, 0, 100 %, 18867 MiB
2026/09/02 19:03:54.952, 1, 0 %, 0 MiB
2026/09/02 19:03:59.953, 0, 100 %, 18867 MiB
2026/09/02 19:03:59.953, 1, 0 %, 0 MiB
2026/09/02 19:04:04.953, 0, 100 %, 18867 MiB
2026/09/02 19:04:04.953, 1, 0 %, 0 MiB
2026/09/02 19:04:09.954, 0, 100 %, 18867 MiB
2026/09/02 19:04:09.954, 1, 0 %, 0 MiB
2026/09/02 19:04:14.955, 0, 100 %, 18867 MiB
2026/09/02 19:04:14.955, 1, 0 %, 0 MiB
2026/09/02 19:04:19.955, 0, 100 %, 18867 MiB
2026/09/02 19:04:19.955, 1, 0 %, 0 MiB
2026/09/02 19:04:24.956, 0, 100 %, 18867 MiB
2026/09/02 19:04:24.956, 1, 0 %, 0 MiB
2026/09/02 19:04:29.956, 0, 100 %, 18867 MiB
2026/09/02 19:04:29.956, 1, 0 %, 0 MiB
2026/09/02 19:04:34.957, 0, 100 %, 18867 MiB
2026/09/02 19:04:34.957, 1, 0 %, 0 MiB
2026/09/02 19:04:39.958, 0, 100 %, 18867 MiB
2026/09/02 19:04:39.958, 1, 0 %, 0 MiB
2026/09/02 19:04:44.959, 0, 100 %, 18867 MiB
2026/09/02 19:04:44.959, 1, 0 %, 0 MiB
2026/09/02 19:04:49.959, 0, 100 %, 18867 MiB
2026/09/02 19:04:49.959, 1, 0 %, 0 MiB
2026/09/02 19:04:54.960, 0, 100 %, 18867 MiB
2026/09/02 19:04:54.960, 1, 0 %, 0 MiB
2026/09/02 19:04:59.961, 0, 100 %, 18867 MiB
2026/09/02 19:04:59.961, 1, 0 %, 0 MiB
2026/09/02 19:05:04.961, 0, 100 %, 18867 MiB
2026/09/02 19:05:04.961, 1, 0 %, 0 MiB
2026/09/02 19:05:09.962, 0, 100 %, 18867 MiB
2026/09/02 19:05:09.962, 1, 0 %, 0 MiB
2026/09/02 19:05:14.963, 0, 100 %, 18867 MiB
2026/09/02 19:05:14.963, 1, 0 %, 0 MiB
2026/09/02 19:05:19.963, 0, 100 %, 18867 MiB
2026/09/02 19:05:19.963, 1, 0 %, 0 MiB
2026/09/02 19:05:24.964, 0, 100 %, 18867 MiB
2026/09/02 19:05:24.964, 1, 0 %, 0 MiB
2026/09/02 19:05:29.964, 0, 100 %, 18867 MiB
2026/09/02 19:05:29.965, 1, 0 %, 0 MiB
2026/09/02 19:05:34.965, 0, 100 %, 18867 MiB
2026/09/02 19:05:34.965, 1, 0 %, 0 MiB
2026/09/02 19:05:39.966, 0, 100 %, 18867 MiB
2026/09/02 19:05:39.966, 1, 0 %, 0 MiB
2026/09/02 19:05:44.967, 0, 100 %, 18867 MiB
2026/09/02 19:05:44.967, 1, 0 %, 0 MiB
2026/09/02 19:05:49.967, 0, 100 %, 18867 MiB
2026/09/02 19:05:49.967, 1, 0 %, 0 MiB
2026/09/02 19:05:54.968, 0, 0 %, 18867 MiB
2026/09/02 19:05:54.968, 1, 0 %, 0 MiB
2026/09/02 19:05:59.969, 0, 0 %, 18867 MiB
2026/09/02 19:05:59.969, 1, 0 %, 0 MiB
2026/09/02 19:06:04.969, 0, 0 %, 18867 MiB
2026/09/02 19:06:04.969, 1, 0 %, 0 MiB
2026/09/02 19:06:09.970, 0, 100 %, 18867 MiB
2026/09/02 19:06:09.970, 1, 0 %, 0 MiB
2026/09/02 19:06:14.970, 0, 100 %, 18867 MiB
2026/09/02 19:06:14.971, 1, 0 %, 0 MiB
2026/09/02 19:06:19.971, 0, 100 %, 18867 MiB
2026/09/02 19:06:19.971, 1, 0 %, 0 MiB
2026/09/02 19:06:24.972, 0, 100 %, 18867 MiB
2026/09/02 19:06:24.972, 1, 0 %, 0 MiB
2026/09/02 19:06:29.972, 0, 100 %, 18867 MiB
2026/09/02 19:06:29.972, 1, 0 %, 0 MiB
2026/09/02 19:06:34.973, 0, 100 %, 18867 MiB
2026/09/02 19:06:34.973, 1, 0 %, 0 MiB
2026/09/02 19:06:39.974, 0, 100 %, 18867 MiB
2026/09/02 19:06:39.974, 1, 0 %, 0 MiB
2026/09/02 19:06:44.974, 0, 100 %, 18867 MiB
2026/09/02 19:06:44.974, 1, 0 %, 0 MiB
2026/09/02 19:06:49.975, 0, 100 %, 18867 MiB
2026/09/02 19:06:49.975, 1, 0 %, 0 MiB
2026/09/02 19:06:54.975, 0, 100 %, 18867 MiB
2026/09/02 19:06:54.976, 1, 0 %, 0 MiB
2026/09/02 19:06:59.976, 0, 100 %, 18867 MiB
2026/09/02 19:06:59.976, 1, 0 %, 0 MiB
2026/09/02 19:07:04.977, 0, 100 %, 18867 MiB
2026/09/02 19:07:04.977, 1, 0 %, 0 MiB
2026/09/02 19:07:09.977, 0, 100 %, 18867 MiB
2026/09/02 19:07:09.977, 1, 0 %, 0 MiB
2026/09/02 19:07:14.978, 0, 100 %, 18867 MiB
2026/09/02 19:07:14.978, 1, 0 %, 0 MiB
2026/09/02 19:07:19.979, 0, 100 %, 18867 MiB
2026/09/02 19:07:19.979, 1, 0 %, 0 MiB
2026/09/02 19:07:24.979, 0, 100 %, 18867 MiB
2026/09/02 19:07:24.979, 1, 0 %, 0 MiB
2026/09/02 19:07:29.980, 0, 100 %, 18867 MiB
2026/09/02 19:07:29.980, 1, 0 %, 0 MiB
2026/09/02 19:07:34.980, 0, 100 %, 18867 MiB
2026/09/02 19:07:34.980, 1, 0 %, 0 MiB
2026/09/02 19:07:39.981, 0, 100 %, 18867 MiB
2026/09/02 19:07:39.981, 1, 0 %, 0 MiB
2026/09/02 19:07:44.982, 0, 100 %, 18867 MiB
2026/09/02 19:07:44.982, 1, 0 %, 0 MiB
2026/09/02 19:07:49.982, 0, 100 %, 18867 MiB
2026/09/02 19:07:49.982, 1, 0 %, 0 MiB
2026/09/02 19:07:54.983, 0, 100 %, 18867 MiB
2026/09/02 19:07:54.983, 1, 0 %, 0 MiB
2026/09/02 19:07:59.983, 0, 100 %, 18867 MiB
2026/09/02 19:07:59.983, 1, 0 %, 0 MiB
2026/09/02 19:08:04.984, 0, 100 %, 18867 MiB
2026/09/02 19:08:04.984, 1, 0 %, 0 MiB
2026/09/02 19:08:09.985, 0, 100 %, 18867 MiB
2026/09/02 19:08:09.985, 1, 0 %, 0 MiB
2026/09/02 19:08:14.985, 0, 100 %, 18867 MiB
2026/09/02 19:08:14.985, 1, 0 %, 0 MiB
2026/09/02 19:08:19.986, 0, 100 %, 18867 MiB
2026/09/02 19:08:19.986, 1, 0 %, 0 MiB
2026/09/02 19:08:24.987, 0, 100 %, 18867 MiB
2026/09/02 19:08:24.987, 1, 0 %, 0 MiB
2026/09/02 19:08:29.988, 0, 100 %, 18867 MiB
2026/09/02 19:08:29.988, 1, 0 %, 0 MiB
2026/09/02 19:08:34.988, 0, 100 %, 18867 MiB
2026/09/02 19:08:34.988, 1, 0 %, 0 MiB
2026/09/02 19:08:39.989, 0, 100 %, 18867 MiB
2026/09/02 19:08:39.989, 1, 0 %, 0 MiB
2026/09/02 19:08:44.989, 0, 100 %, 18867 MiB
2026/09/02 19:08:44.989, 1, 0 %, 0 MiB
2026/09/02 19:08:49.990, 0, 100 %, 18867 MiB
2026/09/02 19:08:49.990, 1, 0 %, 0 MiB
2026/09/02 19:08:54.991, 0, 0 %, 18867 MiB
2026/09/02 19:08:54.991, 1, 0 %, 0 MiB
2026/09/02 19:08:59.991, 0, 0 %, 18867 MiB
2026/09/02 19:08:59.991, 1, 0 %, 0 MiB
2026/09/02 19:09:04.992, 0, 0 %, 18867 MiB
2026/09/02 19:09:04.992, 1, 0 %, 0 MiB
2026/09/02 19:09:09.992, 0, 100 %, 18867 MiB
2026/09/02 19:09:09.993, 1, 0 %, 0 MiB
2026/09/02 19:09:14.993, 0, 100 %, 18867 MiB
2026/09/02 19:09:14.993, 1, 0 %, 0 MiB
2026/09/02 19:09:19.994, 0, 100 %, 18867 MiB
2026/09/02 19:09:19.994, 1, 0 %, 0 MiB
2026/09/02 19:09:24.994, 0, 100 %, 18867 MiB
2026/09/02 19:09:24.994, 1, 0 %, 0 MiB
2026/09/02 19:09:29.995, 0, 100 %, 18867 MiB
2026/09/02 19:09:29.995, 1, 0 %, 0 MiB
2026/09/02 19:09:34.995, 0, 100 %, 18867 MiB
2026/09/02 19:09:34.995, 1, 0 %, 0 MiB
2026/09/02 19:09:39.996, 0, 100 %, 18867 MiB
2026/09/02 19:09:39.996, 1, 0 %, 0 MiB
2026/09/02 19:09:44.997, 0, 100 %, 18867 MiB
2026/09/02 19:09:44.997, 1, 0 %, 0 MiB
2026/09/02 19:09:49.997, 0, 100 %, 18867 MiB
2026/09/02 19:09:49.998, 1, 0 %, 0 MiB
2026/09/02 19:09:54.998, 0, 100 %, 18867 MiB
2026/09/02 19:09:54.998, 1, 0 %, 0 MiB
2026/09/02 19:09:59.999, 0, 100 %, 18867 MiB
2026/09/02 19:09:59.999, 1, 0 %, 0 MiB
2026/09/02 19:10:05.000, 0, 100 %, 18867 MiB
2026/09/02 19:10:05.000, 1, 0 %, 0 MiB
2026/09/02 19:10:10.000, 0, 100 %, 18867 MiB
2026/09/02 19:10:10.000, 1, 0 %, 0 MiB
2026/09/02 19:10:15.001, 0, 100 %, 18867 MiB
2026/09/02 19:10:15.001, 1, 0 %, 0 MiB
2026/09/02 19:10:20.001, 0, 100 %, 18867 MiB
2026/09/02 19:10:20.002, 1, 0 %, 0 MiB
2026/09/02 19:10:25.002, 0, 100 %, 18867 MiB
2026/09/02 19:10:25.002, 1, 0 %, 0 MiB
2026/09/02 19:10:30.003, 0, 100 %, 18867 MiB
2026/09/02 19:10:30.003, 1, 0 %, 0 MiB
2026/09/02 19:10:35.004, 0, 100 %, 18867 MiB
2026/09/02 19:10:35.004, 1, 0 %, 0 MiB
2026/09/02 19:10:40.004, 0, 100 %, 18867 MiB
2026/09/02 19:10:40.004, 1, 0 %, 0 MiB
2026/09/02 19:10:45.005, 0, 100 %, 18867 MiB
2026/09/02 19:10:45.005, 1, 0 %, 0 MiB
2026/09/02 19:10:50.006, 0, 100 %, 18867 MiB
2026/09/02 19:10:50.006, 1, 0 %, 0 MiB
2026/09/02 19:10:55.006, 0, 100 %, 18867 MiB
2026/09/02 19:10:55.006, 1, 0 %, 0 MiB
2026/09/02 19:11:00.007, 0, 100 %, 18867 MiB
2026/09/02 19:11:00.007, 1, 0 %, 0 MiB
2026/09/02 19:11:05.007, 0, 100 %, 18867 MiB
2026/09/02 19:11:05.008, 1, 0 %, 0 MiB
2026/09/02 19:11:10.008, 0, 100 %, 18867 MiB
2026/09/02 19:11:10.008, 1, 0 %, 0 MiB
2026/09/02 19:11:15.009, 0, 100 %, 18867 MiB
2026/09/02 19:11:15.009, 1, 0 %, 0 MiB
2026/09/02 19:11:20.009, 0, 100 %, 18867 MiB
2026/09/02 19:11:20.010, 1, 0 %, 0 MiB
2026/09/02 19:11:25.010, 0, 100 %, 18867 MiB
2026/09/02 19:11:25.010, 1, 0 %, 0 MiB
2026/09/02 19:11:30.011, 0, 100 %, 18867 MiB
2026/09/02 19:11:30.011, 1, 0 %, 0 MiB
2026/09/02 19:11:35.012, 0, 100 %, 18867 MiB
2026/09/02 19:11:35.012, 1, 0 %, 0 MiB
2026/09/02 19:11:40.012, 0, 100 %, 18867 MiB
2026/09/02 19:11:40.012, 1, 0 %, 0 MiB
2026/09/02 19:11:45.013, 0, 100 %, 18867 MiB
2026/09/02 19:11:45.013, 1, 0 %, 0 MiB
2026/09/02 19:11:50.014, 0, 100 %, 18867 MiB
2026/09/02 19:11:50.014, 1, 0 %, 0 MiB
2026/09/02 19:11:55.014, 0, 100 %, 18867 MiB
2026/09/02 19:11:55.014, 1, 0 %, 0 MiB
2026/09/02 19:12:00.015, 0, 100 %, 18867 MiB
2026/09/02 19:12:00.015, 1, 0 %, 0 MiB
2026/09/02 19:12:05.016, 0, 0 %, 18867 MiB
2026/09/02 19:12:05.016, 1, 0 %, 0 MiB
2026/09/02 19:12:10.016, 0, 0 %, 18867 MiB
2026/09/02 19:12:10.016, 1, 0 %, 0 MiB
2026/09/02 19:12:15.017, 0, 0 %, 18867 MiB
2026/09/02 19:12:15.017, 1, 0 %, 0 MiB
2026/09/02 19:12:20.018, 0, 0 %, 18867 MiB
2026/09/02 19:12:20.018, 1, 0 %, 0 MiB
2026/09/02 19:12:25.019, 0, 0 %, 18867 MiB
2026/09/02 19:12:25.019, 1, 0 %, 0 MiB
2026/09/02 19:12:30.019, 0, 0 %, 18867 MiB
2026/09/02 19:12:30.019, 1, 0 %, 0 MiB
2026/09/02 19:12:35.020, 0, 0 %, 18867 MiB
2026/09/02 19:12:35.020, 1, 0 %, 0 MiB
2026/09/02 19:12:40.020, 0, 0 %, 18867 MiB
2026/09/02 19:12:40.021, 1, 0 %, 0 MiB
2026/09/02 19:12:45.021, 0, 0 %, 18867 MiB
2026/09/02 19:12:45.021, 1, 0 %, 0 MiB
2026/09/02 19:12:50.022, 0, 100 %, 18867 MiB
2026/09/02 19:12:50.022, 1, 0 %, 0 MiB
2026/09/02 19:12:55.022, 0, 100 %, 18867 MiB
2026/09/02 19:12:55.022, 1, 0 %, 0 MiB
2026/09/02 19:13:00.023, 0, 100 %, 18867 MiB
2026/09/02 19:13:00.023, 1, 0 %, 0 MiB
2026/09/02 19:13:05.023, 0, 100 %, 18867 MiB
2026/09/02 19:13:05.024, 1, 0 %, 0 MiB
2026/09/02 19:13:10.024, 0, 100 %, 18867 MiB
2026/09/02 19:13:10.024, 1, 0 %, 0 MiB
2026/09/02 19:13:15.025, 0, 100 %, 18867 MiB
2026/09/02 19:13:15.025, 1, 0 %, 0 MiB
2026/09/02 19:13:20.025, 0, 100 %, 18867 MiB
2026/09/02 19:13:20.025, 1, 0 %, 0 MiB
2026/09/02 19:13:25.026, 0, 100 %, 18867 MiB
2026/09/02 19:13:25.026, 1, 0 %, 0 MiB
2026/09/02 19:13:30.026, 0, 100 %, 18867 MiB
2026/09/02 19:13:30.026, 1, 0 %, 0 MiB
2026/09/02 19:13:35.027, 0, 100 %, 18867 MiB
2026/09/02 19:13:35.027, 1, 0 %, 0 MiB
2026/09/02 19:13:40.028, 0, 100 %, 18867 MiB
2026/09/02 19:13:40.028, 1, 0 %, 0 MiB
2026/09/02 19:13:45.028, 0, 100 %, 18867 MiB
2026/09/02 19:13:45.028, 1, 0 %, 0 MiB
2026/09/02 19:13:50.029, 0, 100 %, 18867 MiB
2026/09/02 19:13:50.029, 1, 0 %, 0 MiB
2026/09/02 19:13:55.029, 0, 100 %, 18867 MiB
2026/09/02 19:13:55.030, 1, 0 %, 0 MiB
2026/09/02 19:14:00.030, 0, 100 %, 18867 MiB
2026/09/02 19:14:00.030, 1, 0 %, 0 MiB
2026/09/02 19:14:05.031, 0, 100 %, 18867 MiB
2026/09/02 19:14:05.031, 1, 0 %, 0 MiB
2026/09/02 19:14:10.031, 0, 100 %, 18867 MiB
2026/09/02 19:14:10.032, 1, 0 %, 0 MiB
2026/09/02 19:14:15.032, 0, 100 %, 18867 MiB
2026/09/02 19:14:15.032, 1, 0 %, 0 MiB
2026/09/02 19:14:20.033, 0, 100 %, 18867 MiB
2026/09/02 19:14:20.033, 1, 0 %, 0 MiB
2026/09/02 19:14:25.033, 0, 100 %, 18867 MiB
2026/09/02 19:14:25.033, 1, 0 %, 0 MiB
2026/09/02 19:14:30.034, 0, 100 %, 18867 MiB
2026/09/02 19:14:30.034, 1, 0 %, 0 MiB
2026/09/02 19:14:35.035, 0, 100 %, 18867 MiB
2026/09/02 19:14:35.035, 1, 0 %, 0 MiB
2026/09/02 19:14:40.035, 0, 100 %, 18867 MiB
2026/09/02 19:14:40.036, 1, 0 %, 0 MiB
2026/09/02 19:14:45.036, 0, 100 %, 18867 MiB
2026/09/02 19:14:45.036, 1, 0 %, 0 MiB
2026/09/02 19:14:50.037, 0, 100 %, 18867 MiB
2026/09/02 19:14:50.037, 1, 0 %, 0 MiB
2026/09/02 19:14:55.038, 0, 100 %, 18867 MiB
2026/09/02 19:14:55.038, 1, 0 %, 0 MiB
2026/09/02 19:15:00.038, 0, 100 %, 18867 MiB
2026/09/02 19:15:00.038, 1, 0 %, 0 MiB
2026/09/02 19:15:05.039, 0, 100 %, 18867 MiB
2026/09/02 19:15:05.039, 1, 0 %, 0 MiB
2026/09/02 19:15:10.040, 0, 100 %, 18867 MiB
2026/09/02 19:15:10.040, 1, 0 %, 0 MiB
2026/09/02 19:15:15.040, 0, 100 %, 18867 MiB
2026/09/02 19:15:15.040, 1, 0 %, 0 MiB
2026/09/02 19:15:20.041, 0, 100 %, 18867 MiB
2026/09/02 19:15:20.041, 1, 0 %, 0 MiB
2026/09/02 19:15:25.042, 0, 100 %, 18867 MiB
2026/09/02 19:15:25.042, 1, 0 %, 0 MiB
2026/09/02 19:15:30.042, 0, 0 %, 18867 MiB
2026/09/02 19:15:30.042, 1, 0 %, 0 MiB
2026/09/02 19:15:35.043, 0, 0 %, 18867 MiB
2026/09/02 19:15:35.043, 1, 0 %, 0 MiB
2026/09/02 19:15:40.044, 0, 0 %, 18867 MiB
2026/09/02 19:15:40.044, 1, 0 %, 0 MiB
2026/09/02 19:15:45.044, 0, 100 %, 18867 MiB
2026/09/02 19:15:45.044, 1, 0 %, 0 MiB
2026/09/02 19:15:50.045, 0, 100 %, 18867 MiB
2026/09/02 19:15:50.045, 1, 0 %, 0 MiB
2026/09/02 19:15:55.045, 0, 100 %, 18867 MiB
2026/09/02 19:15:55.046, 1, 0 %, 0 MiB
2026/09/02 19:16:00.046, 0, 100 %, 18867 MiB
2026/09/02 19:16:00.046, 1, 0 %, 0 MiB
2026/09/02 19:16:05.047, 0, 100 %, 18867 MiB
2026/09/02 19:16:05.047, 1, 0 %, 0 MiB
2026/09/02 19:16:10.047, 0, 100 %, 18867 MiB
2026/09/02 19:16:10.047, 1, 0 %, 0 MiB
2026/09/02 19:16:15.048, 0, 100 %, 18867 MiB
2026/09/02 19:16:15.048, 1, 0 %, 0 MiB
2026/09/02 19:16:20.048, 0, 100 %, 18867 MiB
2026/09/02 19:16:20.049, 1, 0 %, 0 MiB
2026/09/02 19:16:25.049, 0, 100 %, 18867 MiB
2026/09/02 19:16:25.049, 1, 0 %, 0 MiB
2026/09/02 19:16:30.050, 0, 100 %, 18867 MiB
2026/09/02 19:16:30.050, 1, 0 %, 0 MiB
2026/09/02 19:16:35.050, 0, 100 %, 18867 MiB
2026/09/02 19:16:35.050, 1, 0 %, 0 MiB
2026/09/02 19:16:40.051, 0, 100 %, 18867 MiB
2026/09/02 19:16:40.051, 1, 0 %, 0 MiB
2026/09/02 19:16:45.052, 0, 100 %, 18867 MiB
2026/09/02 19:16:45.052, 1, 0 %, 0 MiB
2026/09/02 19:16:50.052, 0, 100 %, 18867 MiB
2026/09/02 19:16:50.052, 1, 0 %, 0 MiB
2026/09/02 19:16:55.053, 0, 100 %, 18867 MiB
2026/09/02 19:16:55.053, 1, 0 %, 0 MiB
2026/09/02 19:17:00.053, 0, 100 %, 18867 MiB
2026/09/02 19:17:00.054, 1, 0 %, 0 MiB
2026/09/02 19:17:05.054, 0, 100 %, 18867 MiB
2026/09/02 19:17:05.054, 1, 0 %, 0 MiB
2026/09/02 19:17:10.055, 0, 100 %, 18867 MiB
2026/09/02 19:17:10.055, 1, 0 %, 0 MiB
2026/09/02 19:17:15.055, 0, 100 %, 18867 MiB
2026/09/02 19:17:15.056, 1, 0 %, 0 MiB
2026/09/02 19:17:20.056, 0, 100 %, 18867 MiB
2026/09/02 19:17:20.056, 1, 0 %, 0 MiB
2026/09/02 19:17:25.057, 0, 100 %, 18867 MiB
2026/09/02 19:17:25.057, 1, 0 %, 0 MiB
2026/09/02 19:17:30.057, 0, 100 %, 18867 MiB
2026/09/02 19:17:30.058, 1, 0 %, 0 MiB
2026/09/02 19:17:35.058, 0, 100 %, 18867 MiB
2026/09/02 19:17:35.058, 1, 0 %, 0 MiB
2026/09/02 19:17:40.059, 0, 100 %, 18867 MiB
2026/09/02 19:17:40.059, 1, 0 %, 0 MiB
2026/09/02 19:17:45.059, 0, 100 %, 18867 MiB
2026/09/02 19:17:45.059, 1, 0 %, 0 MiB
2026/09/02 19:17:50.060, 0, 100 %, 18867 MiB
2026/09/02 19:17:50.060, 1, 0 %, 0 MiB
2026/09/02 19:17:55.060, 0, 100 %, 18867 MiB
2026/09/02 19:17:55.061, 1, 0 %, 0 MiB
2026/09/02 19:18:00.061, 0, 0 %, 18867 MiB
2026/09/02 19:18:00.061, 1, 0 %, 0 MiB
2026/09/02 19:18:05.062, 0, 0 %, 18867 MiB
2026/09/02 19:18:05.062, 1, 0 %, 0 MiB
2026/09/02 19:18:10.062, 0, 100 %, 18867 MiB
2026/09/02 19:18:10.063, 1, 0 %, 0 MiB
2026/09/02 19:18:15.063, 0, 100 %, 18867 MiB
2026/09/02 19:18:15.063, 1, 0 %, 0 MiB
2026/09/02 19:18:20.064, 0, 100 %, 18867 MiB
2026/09/02 19:18:20.064, 1, 0 %, 0 MiB
2026/09/02 19:18:25.064, 0, 100 %, 18867 MiB
2026/09/02 19:18:25.064, 1, 0 %, 0 MiB
2026/09/02 19:18:30.065, 0, 100 %, 18867 MiB
2026/09/02 19:18:30.065, 1, 0 %, 0 MiB
2026/09/02 19:18:35.066, 0, 100 %, 18867 MiB
2026/09/02 19:18:35.066, 1, 0 %, 0 MiB
2026/09/02 19:18:40.066, 0, 100 %, 18867 MiB
2026/09/02 19:18:40.066, 1, 0 %, 0 MiB
2026/09/02 19:18:45.067, 0, 100 %, 18867 MiB
2026/09/02 19:18:45.067, 1, 0 %, 0 MiB
2026/09/02 19:18:50.067, 0, 100 %, 18867 MiB
2026/09/02 19:18:50.068, 1, 0 %, 0 MiB
2026/09/02 19:18:55.068, 0, 100 %, 18867 MiB
2026/09/02 19:18:55.068, 1, 0 %, 0 MiB
2026/09/02 19:19:00.069, 0, 100 %, 18867 MiB
2026/09/02 19:19:00.069, 1, 0 %, 0 MiB
2026/09/02 19:19:05.069, 0, 100 %, 18867 MiB
2026/09/02 19:19:05.070, 1, 0 %, 0 MiB
2026/09/02 19:19:10.070, 0, 100 %, 18867 MiB
2026/09/02 19:19:10.070, 1, 0 %, 0 MiB
2026/09/02 19:19:15.071, 0, 100 %, 18867 MiB
2026/09/02 19:19:15.071, 1, 0 %, 0 MiB
2026/09/02 19:19:20.071, 0, 100 %, 18867 MiB
2026/09/02 19:19:20.071, 1, 0 %, 0 MiB
2026/09/02 19:19:25.072, 0, 100 %, 18867 MiB
2026/09/02 19:19:25.072, 1, 0 %, 0 MiB
2026/09/02 19:19:30.073, 0, 100 %, 18867 MiB
2026/09/02 19:19:30.073, 1, 0 %, 0 MiB
2026/09/02 19:19:35.074, 0, 100 %, 18867 MiB
2026/09/02 19:19:35.074, 1, 0 %, 0 MiB
2026/09/02 19:19:40.074, 0, 100 %, 18867 MiB
2026/09/02 19:19:40.074, 1, 0 %, 0 MiB
2026/09/02 19:19:45.075, 0, 100 %, 18867 MiB
2026/09/02 19:19:45.075, 1, 0 %, 0 MiB
2026/09/02 19:19:50.075, 0, 0 %, 18867 MiB
2026/09/02 19:19:50.076, 1, 0 %, 0 MiB
2026/09/02 19:19:55.076, 0, 100 %, 18867 MiB
2026/09/02 19:19:55.076, 1, 0 %, 0 MiB
2026/09/02 19:20:00.077, 0, 100 %, 18867 MiB
2026/09/02 19:20:00.077, 1, 0 %, 0 MiB
2026/09/02 19:20:05.077, 0, 100 %, 18867 MiB
2026/09/02 19:20:05.078, 1, 0 %, 0 MiB
2026/09/02 19:20:10.078, 0, 100 %, 18867 MiB
2026/09/02 19:20:10.078, 1, 0 %, 0 MiB
2026/09/02 19:20:15.079, 0, 100 %, 18867 MiB
2026/09/02 19:20:15.079, 1, 0 %, 0 MiB
2026/09/02 19:20:20.079, 0, 100 %, 18867 MiB
2026/09/02 19:20:20.080, 1, 0 %, 0 MiB
2026/09/02 19:20:25.080, 0, 100 %, 18867 MiB
2026/09/02 19:20:25.080, 1, 0 %, 0 MiB
2026/09/02 19:20:30.081, 0, 100 %, 18867 MiB
2026/09/02 19:20:30.081, 1, 0 %, 0 MiB
2026/09/02 19:20:35.081, 0, 100 %, 18867 MiB
2026/09/02 19:20:35.081, 1, 0 %, 0 MiB
2026/09/02 19:20:40.082, 0, 100 %, 18867 MiB
2026/09/02 19:20:40.082, 1, 0 %, 0 MiB
2026/09/02 19:20:45.083, 0, 100 %, 18867 MiB
2026/09/02 19:20:45.083, 1, 0 %, 0 MiB
2026/09/02 19:20:50.083, 0, 100 %, 18867 MiB
2026/09/02 19:20:50.083, 1, 0 %, 0 MiB
2026/09/02 19:20:55.084, 0, 100 %, 18867 MiB
2026/09/02 19:20:55.084, 1, 0 %, 0 MiB
2026/09/02 19:21:00.085, 0, 100 %, 18867 MiB
2026/09/02 19:21:00.085, 1, 0 %, 0 MiB
2026/09/02 19:21:05.085, 0, 100 %, 18867 MiB
2026/09/02 19:21:05.085, 1, 0 %, 0 MiB
2026/09/02 19:21:10.086, 0, 100 %, 18867 MiB
2026/09/02 19:21:10.086, 1, 0 %, 0 MiB
2026/09/02 19:21:15.087, 0, 100 %, 18867 MiB
2026/09/02 19:21:15.087, 1, 0 %, 0 MiB
2026/09/02 19:21:20.087, 0, 100 %, 18867 MiB
2026/09/02 19:21:20.087, 1, 0 %, 0 MiB
2026/09/02 19:21:25.088, 0, 100 %, 18867 MiB
2026/09/02 19:21:25.088, 1, 0 %, 0 MiB
2026/09/02 19:21:30.089, 0, 100 %, 18867 MiB
2026/09/02 19:21:30.089, 1, 0 %, 0 MiB
2026/09/02 19:21:35.089, 0, 100 %, 18867 MiB
2026/09/02 19:21:35.090, 1, 0 %, 0 MiB
2026/09/02 19:21:40.090, 0, 100 %, 18867 MiB
2026/09/02 19:21:40.090, 1, 0 %, 0 MiB
2026/09/02 19:21:45.091, 0, 0 %, 18867 MiB
2026/09/02 19:21:45.091, 1, 0 %, 0 MiB
2026/09/02 19:21:50.091, 0, 0 %, 18867 MiB
2026/09/02 19:21:50.091, 1, 0 %, 0 MiB
2026/09/02 19:21:55.092, 0, 0 %, 18867 MiB
2026/09/02 19:21:55.092, 1, 0 %, 0 MiB
2026/09/02 19:22:00.093, 0, 0 %, 18867 MiB
2026/09/02 19:22:00.093, 1, 0 %, 0 MiB
2026/09/02 19:22:05.093, 0, 0 %, 18867 MiB
2026/09/02 19:22:05.093, 1, 0 %, 0 MiB
2026/09/02 19:22:10.094, 0, 0 %, 18867 MiB
2026/09/02 19:22:10.094, 1, 0 %, 0 MiB
2026/09/02 19:22:15.094, 0, 0 %, 18867 MiB
2026/09/02 19:22:15.095, 1, 0 %, 0 MiB
2026/09/02 19:22:20.095, 0, 0 %, 18867 MiB
2026/09/02 19:22:20.095, 1, 0 %, 0 MiB
2026/09/02 19:22:25.096, 0, 0 %, 18867 MiB
2026/09/02 19:22:25.096, 1, 0 %, 0 MiB
2026/09/02 19:22:30.096, 0, 0 %, 18867 MiB
2026/09/02 19:22:30.096, 1, 0 %, 0 MiB
2026/09/02 19:22:35.097, 0, 0 %, 18867 MiB
2026/09/02 19:22:35.097, 1, 0 %, 0 MiB
2026/09/02 19:22:40.098, 0, 0 %, 18867 MiB
2026/09/02 19:22:40.098, 1, 0 %, 0 MiB
2026/09/02 19:22:45.098, 0, 0 %, 18867 MiB
2026/09/02 19:22:45.098, 1, 0 %, 0 MiB
2026/09/02 19:22:50.099, 0, 0 %, 18867 MiB
2026/09/02 19:22:50.099, 1, 0 %, 0 MiB
2026/09/02 19:22:55.100, 0, 0 %, 18867 MiB
2026/09/02 19:22:55.100, 1, 0 %, 0 MiB
2026/09/02 19:23:00.100, 0, 0 %, 18867 MiB
2026/09/02 19:23:00.100, 1, 0 %, 0 MiB
2026/09/02 19:23:05.101, 0, 0 %, 18867 MiB
2026/09/02 19:23:05.101, 1, 0 %, 0 MiB
2026/09/02 19:23:10.102, 0, 0 %, 18867 MiB
2026/09/02 19:23:10.102, 1, 0 %, 0 MiB
2026/09/02 19:23:15.103, 0, 0 %, 18867 MiB
2026/09/02 19:23:15.103, 1, 0 %, 0 MiB
2026/09/02 19:23:20.103, 0, 0 %, 18867 MiB
2026/09/02 19:23:20.103, 1, 0 %, 0 MiB
2026/09/02 19:23:25.104, 0, 0 %, 18867 MiB
2026/09/02 19:23:25.104, 1, 0 %, 0 MiB
2026/09/02 19:23:30.104, 0, 0 %, 18867 MiB
2026/09/02 19:23:30.105, 1, 0 %, 0 MiB
2026/09/02 19:23:35.105, 0, 0 %, 18867 MiB
2026/09/02 19:23:35.105, 1, 0 %, 0 MiB
2026/09/02 19:23:40.106, 0, 0 %, 18867 MiB
2026/09/02 19:23:40.106, 1, 0 %, 0 MiB
2026/09/02 19:23:45.106, 0, 0 %, 18867 MiB
2026/09/02 19:23:45.106, 1, 0 %, 0 MiB
2026/09/02 19:23:50.107, 0, 0 %, 18867 MiB
2026/09/02 19:23:50.107, 1, 0 %, 0 MiB
2026/09/02 19:23:55.108, 0, 0 %, 18867 MiB
2026/09/02 19:23:55.108, 1, 0 %, 0 MiB
2026/09/02 19:24:00.108, 0, 0 %, 18867 MiB
2026/09/02 19:24:00.108, 1, 0 %, 0 MiB
2026/09/02 19:24:05.109, 0, 0 %, 18867 MiB
2026/09/02 19:24:05.109, 1, 0 %, 0 MiB
2026/09/02 19:24:10.110, 0, 0 %, 18867 MiB
2026/09/02 19:24:10.110, 1, 0 %, 0 MiB
2026/09/02 19:24:15.110, 0, 0 %, 18867 MiB
2026/09/02 19:24:15.110, 1, 0 %, 0 MiB
2026/09/02 19:24:20.111, 0, 0 %, 18867 MiB
2026/09/02 19:24:20.111, 1, 0 %, 0 MiB
2026/09/02 19:24:25.112, 0, 0 %, 18867 MiB
2026/09/02 19:24:25.112, 1, 0 %, 0 MiB
2026/09/02 19:24:30.112, 0, 0 %, 18867 MiB
2026/09/02 19:24:30.112, 1, 0 %, 0 MiB
2026/09/02 19:24:35.113, 0, 0 %, 18867 MiB
2026/09/02 19:24:35.113, 1, 0 %, 0 MiB
2026/09/02 19:24:40.113, 0, 0 %, 18867 MiB
2026/09/02 19:24:40.113, 1, 0 %, 0 MiB
2026/09/02 19:24:45.114, 0, 0 %, 18867 MiB
2026/09/02 19:24:45.114, 1, 0 %, 0 MiB
2026/09/02 19:24:50.115, 0, 0 %, 18867 MiB
2026/09/02 19:24:50.115, 1, 0 %, 0 MiB
2026/09/02 19:24:55.115, 0, 64 %, 18867 MiB
2026/09/02 19:24:55.116, 1, 0 %, 0 MiB
2026/09/02 19:25:00.116, 0, 100 %, 18867 MiB
2026/09/02 19:25:00.116, 1, 0 %, 0 MiB
2026/09/02 19:25:05.117, 0, 100 %, 18867 MiB
2026/09/02 19:25:05.117, 1, 0 %, 0 MiB
2026/09/02 19:25:10.117, 0, 100 %, 18867 MiB
2026/09/02 19:25:10.117, 1, 0 %, 0 MiB
2026/09/02 19:25:15.118, 0, 100 %, 18867 MiB
2026/09/02 19:25:15.118, 1, 0 %, 0 MiB
2026/09/02 19:25:20.119, 0, 100 %, 18867 MiB
2026/09/02 19:25:20.119, 1, 0 %, 0 MiB
2026/09/02 19:25:25.119, 0, 100 %, 18867 MiB
2026/09/02 19:25:25.119, 1, 0 %, 0 MiB
2026/09/02 19:25:30.120, 0, 0 %, 18867 MiB
2026/09/02 19:25:30.120, 1, 0 %, 0 MiB
2026/09/02 19:25:35.121, 0, 0 %, 18867 MiB
2026/09/02 19:25:35.121, 1, 0 %, 0 MiB
2026/09/02 19:25:40.121, 0, 100 %, 18867 MiB
2026/09/02 19:25:40.121, 1, 0 %, 0 MiB
2026/09/02 19:25:45.122, 0, 100 %, 18867 MiB
2026/09/02 19:25:45.122, 1, 0 %, 0 MiB
2026/09/02 19:25:50.122, 0, 100 %, 18867 MiB
2026/09/02 19:25:50.123, 1, 0 %, 0 MiB
2026/09/02 19:25:55.123, 0, 100 %, 18867 MiB
2026/09/02 19:25:55.123, 1, 0 %, 0 MiB
2026/09/02 19:26:00.124, 0, 100 %, 18867 MiB
2026/09/02 19:26:00.124, 1, 0 %, 0 MiB
2026/09/02 19:26:05.125, 0, 100 %, 18867 MiB
2026/09/02 19:26:05.125, 1, 0 %, 0 MiB
2026/09/02 19:26:10.125, 0, 100 %, 18867 MiB
2026/09/02 19:26:10.125, 1, 0 %, 0 MiB
2026/09/02 19:26:15.126, 0, 100 %, 18867 MiB
2026/09/02 19:26:15.126, 1, 0 %, 0 MiB
2026/09/02 19:26:20.127, 0, 100 %, 18867 MiB
2026/09/02 19:26:20.127, 1, 0 %, 0 MiB
2026/09/02 19:26:25.127, 0, 100 %, 18867 MiB
2026/09/02 19:26:25.128, 1, 0 %, 0 MiB
2026/09/02 19:26:30.128, 0, 100 %, 18867 MiB
2026/09/02 19:26:30.128, 1, 0 %, 0 MiB
2026/09/02 19:26:35.129, 0, 100 %, 18867 MiB
2026/09/02 19:26:35.129, 1, 0 %, 0 MiB
2026/09/02 19:26:40.129, 0, 100 %, 18867 MiB
2026/09/02 19:26:40.130, 1, 0 %, 0 MiB
2026/09/02 19:26:45.130, 0, 0 %, 18867 MiB
2026/09/02 19:26:45.130, 1, 0 %, 0 MiB
2026/09/02 19:26:50.131, 0, 0 %, 18867 MiB
2026/09/02 19:26:50.131, 1, 0 %, 0 MiB
2026/09/02 19:26:55.132, 0, 100 %, 18867 MiB
2026/09/02 19:26:55.132, 1, 0 %, 0 MiB
2026/09/02 19:27:00.132, 0, 100 %, 18867 MiB
2026/09/02 19:27:00.132, 1, 0 %, 0 MiB
2026/09/02 19:27:05.133, 0, 100 %, 18867 MiB
2026/09/02 19:27:05.133, 1, 0 %, 0 MiB
2026/09/02 19:27:10.134, 0, 100 %, 18867 MiB
2026/09/02 19:27:10.134, 1, 0 %, 0 MiB
2026/09/02 19:27:15.134, 0, 100 %, 18867 MiB
2026/09/02 19:27:15.134, 1, 0 %, 0 MiB
2026/09/02 19:27:20.135, 0, 100 %, 18867 MiB
2026/09/02 19:27:20.135, 1, 0 %, 0 MiB
2026/09/02 19:27:25.135, 0, 100 %, 18867 MiB
2026/09/02 19:27:25.136, 1, 0 %, 0 MiB
2026/09/02 19:27:30.136, 0, 100 %, 18867 MiB
2026/09/02 19:27:30.136, 1, 0 %, 0 MiB
2026/09/02 19:27:35.137, 0, 100 %, 18867 MiB
2026/09/02 19:27:35.137, 1, 0 %, 0 MiB
2026/09/02 19:27:40.137, 0, 100 %, 18867 MiB
2026/09/02 19:27:40.137, 1, 0 %, 0 MiB
2026/09/02 19:27:45.138, 0, 100 %, 18867 MiB
2026/09/02 19:27:45.138, 1, 0 %, 0 MiB
2026/09/02 19:27:50.139, 0, 100 %, 18867 MiB
2026/09/02 19:27:50.139, 1, 0 %, 0 MiB
2026/09/02 19:27:55.139, 0, 100 %, 18867 MiB
2026/09/02 19:27:55.139, 1, 0 %, 0 MiB
2026/09/02 19:28:00.140, 0, 100 %, 18867 MiB
2026/09/02 19:28:00.140, 1, 0 %, 0 MiB
2026/09/02 19:28:05.140, 0, 100 %, 18867 MiB
2026/09/02 19:28:05.141, 1, 0 %, 0 MiB
2026/09/02 19:28:10.141, 0, 100 %, 18867 MiB
2026/09/02 19:28:10.141, 1, 0 %, 0 MiB
2026/09/02 19:28:15.142, 0, 100 %, 18867 MiB
2026/09/02 19:28:15.142, 1, 0 %, 0 MiB
2026/09/02 19:28:20.143, 0, 100 %, 18867 MiB
2026/09/02 19:28:20.143, 1, 0 %, 0 MiB
2026/09/02 19:28:25.143, 0, 100 %, 18867 MiB
2026/09/02 19:28:25.143, 1, 0 %, 0 MiB
2026/09/02 19:28:30.144, 0, 100 %, 18867 MiB
2026/09/02 19:28:30.144, 1, 0 %, 0 MiB
2026/09/02 19:28:35.144, 0, 100 %, 18867 MiB
2026/09/02 19:28:35.145, 1, 0 %, 0 MiB
2026/09/02 19:28:40.145, 0, 100 %, 18867 MiB
2026/09/02 19:28:40.145, 1, 0 %, 0 MiB
2026/09/02 19:28:45.146, 0, 100 %, 18867 MiB
2026/09/02 19:28:45.146, 1, 0 %, 0 MiB
2026/09/02 19:28:50.146, 0, 100 %, 18867 MiB
2026/09/02 19:28:50.147, 1, 0 %, 0 MiB
2026/09/02 19:28:55.147, 0, 100 %, 18867 MiB
2026/09/02 19:28:55.147, 1, 0 %, 0 MiB
2026/09/02 19:29:00.148, 0, 100 %, 18867 MiB
2026/09/02 19:29:00.148, 1, 0 %, 0 MiB
2026/09/02 19:29:05.148, 0, 0 %, 18867 MiB
2026/09/02 19:29:05.148, 1, 0 %, 0 MiB
2026/09/02 19:29:10.149, 0, 0 %, 18867 MiB
2026/09/02 19:29:10.149, 1, 0 %, 0 MiB
2026/09/02 19:29:15.149, 0, 0 %, 18867 MiB
2026/09/02 19:29:15.149, 1, 0 %, 0 MiB
2026/09/02 19:29:20.150, 0, 100 %, 18867 MiB
2026/09/02 19:29:20.150, 1, 0 %, 0 MiB
2026/09/02 19:29:25.150, 0, 100 %, 18867 MiB
2026/09/02 19:29:25.151, 1, 0 %, 0 MiB
2026/09/02 19:29:30.151, 0, 100 %, 18867 MiB
2026/09/02 19:29:30.151, 1, 0 %, 0 MiB
2026/09/02 19:29:35.152, 0, 100 %, 18867 MiB
2026/09/02 19:29:35.152, 1, 0 %, 0 MiB
2026/09/02 19:29:40.152, 0, 100 %, 18867 MiB
2026/09/02 19:29:40.152, 1, 0 %, 0 MiB
2026/09/02 19:29:45.153, 0, 100 %, 18867 MiB
2026/09/02 19:29:45.153, 1, 0 %, 0 MiB
2026/09/02 19:29:50.153, 0, 100 %, 18867 MiB
2026/09/02 19:29:50.153, 1, 0 %, 0 MiB
2026/09/02 19:29:55.154, 0, 100 %, 18867 MiB
2026/09/02 19:29:55.154, 1, 0 %, 0 MiB
2026/09/02 19:30:00.154, 0, 100 %, 18867 MiB
2026/09/02 19:30:00.155, 1, 0 %, 0 MiB
2026/09/02 19:30:05.155, 0, 100 %, 18867 MiB
2026/09/02 19:30:05.155, 1, 0 %, 0 MiB
2026/09/02 19:30:10.156, 0, 100 %, 18867 MiB
2026/09/02 19:30:10.156, 1, 0 %, 0 MiB
2026/09/02 19:30:15.156, 0, 100 %, 18867 MiB
2026/09/02 19:30:15.156, 1, 0 %, 0 MiB
2026/09/02 19:30:20.157, 0, 100 %, 18867 MiB
2026/09/02 19:30:20.157, 1, 0 %, 0 MiB
2026/09/02 19:30:25.157, 0, 100 %, 18867 MiB
2026/09/02 19:30:25.158, 1, 0 %, 0 MiB
2026/09/02 19:30:30.158, 0, 100 %, 18867 MiB
2026/09/02 19:30:30.159, 1, 0 %, 0 MiB
2026/09/02 19:30:35.159, 0, 100 %, 18867 MiB
2026/09/02 19:30:35.159, 1, 0 %, 0 MiB
2026/09/02 19:30:40.160, 0, 100 %, 18867 MiB
2026/09/02 19:30:40.160, 1, 0 %, 0 MiB
2026/09/02 19:30:45.160, 0, 100 %, 18867 MiB
2026/09/02 19:30:45.160, 1, 0 %, 0 MiB
2026/09/02 19:30:50.161, 0, 100 %, 18867 MiB
2026/09/02 19:30:50.161, 1, 0 %, 0 MiB
2026/09/02 19:30:55.161, 0, 100 %, 18867 MiB
2026/09/02 19:30:55.162, 1, 0 %, 0 MiB
2026/09/02 19:31:00.162, 0, 100 %, 18867 MiB
2026/09/02 19:31:00.162, 1, 0 %, 0 MiB
2026/09/02 19:31:05.163, 0, 100 %, 18867 MiB
2026/09/02 19:31:05.163, 1, 0 %, 0 MiB
2026/09/02 19:31:10.164, 0, 100 %, 18867 MiB
2026/09/02 19:31:10.164, 1, 0 %, 0 MiB
2026/09/02 19:31:15.164, 0, 100 %, 18867 MiB
2026/09/02 19:31:15.164, 1, 0 %, 0 MiB
2026/09/02 19:31:20.165, 0, 100 %, 18867 MiB
2026/09/02 19:31:20.165, 1, 0 %, 0 MiB
2026/09/02 19:31:25.166, 0, 100 %, 18867 MiB
2026/09/02 19:31:25.166, 1, 0 %, 0 MiB
2026/09/02 19:31:30.166, 0, 100 %, 18867 MiB
2026/09/02 19:31:30.166, 1, 0 %, 0 MiB
2026/09/02 19:31:35.167, 0, 100 %, 18867 MiB
2026/09/02 19:31:35.167, 1, 0 %, 0 MiB
2026/09/02 19:31:40.167, 0, 100 %, 18867 MiB
2026/09/02 19:31:40.168, 1, 0 %, 0 MiB
2026/09/02 19:31:45.168, 0, 100 %, 18867 MiB
2026/09/02 19:31:45.168, 1, 0 %, 0 MiB
2026/09/02 19:31:50.169, 0, 100 %, 18867 MiB
2026/09/02 19:31:50.169, 1, 0 %, 0 MiB
2026/09/02 19:31:55.169, 0, 100 %, 18867 MiB
2026/09/02 19:31:55.169, 1, 0 %, 0 MiB
2026/09/02 19:32:00.170, 0, 100 %, 18867 MiB
2026/09/02 19:32:00.170, 1, 0 %, 0 MiB
2026/09/02 19:32:05.171, 0, 100 %, 18867 MiB
2026/09/02 19:32:05.171, 1, 0 %, 0 MiB
2026/09/02 19:32:10.171, 0, 100 %, 18867 MiB
2026/09/02 19:32:10.171, 1, 0 %, 0 MiB
2026/09/02 19:32:15.172, 0, 100 %, 18867 MiB
2026/09/02 19:32:15.172, 1, 0 %, 0 MiB
2026/09/02 19:32:20.172, 0, 100 %, 18867 MiB
2026/09/02 19:32:20.173, 1, 0 %, 0 MiB
2026/09/02 19:32:25.173, 0, 100 %, 18867 MiB
2026/09/02 19:32:25.173, 1, 0 %, 0 MiB
2026/09/02 19:32:30.174, 0, 100 %, 18867 MiB
2026/09/02 19:32:30.174, 1, 0 %, 0 MiB
2026/09/02 19:32:35.174, 0, 100 %, 18867 MiB
2026/09/02 19:32:35.175, 1, 0 %, 0 MiB
2026/09/02 19:32:40.175, 0, 0 %, 18867 MiB
2026/09/02 19:32:40.175, 1, 0 %, 0 MiB
2026/09/02 19:32:45.176, 0, 0 %, 18867 MiB
2026/09/02 19:32:45.176, 1, 0 %, 0 MiB
2026/09/02 19:32:50.176, 0, 0 %, 18867 MiB
2026/09/02 19:32:50.176, 1, 0 %, 0 MiB
2026/09/02 19:32:55.177, 0, 0 %, 18867 MiB
2026/09/02 19:32:55.177, 1, 0 %, 0 MiB
2026/09/02 19:33:00.178, 0, 100 %, 18867 MiB
2026/09/02 19:33:00.178, 1, 0 %, 0 MiB
2026/09/02 19:33:05.178, 0, 100 %, 18867 MiB
2026/09/02 19:33:05.179, 1, 0 %, 0 MiB
2026/09/02 19:33:10.179, 0, 100 %, 18867 MiB
2026/09/02 19:33:10.179, 1, 0 %, 0 MiB
2026/09/02 19:33:15.180, 0, 100 %, 18867 MiB
2026/09/02 19:33:15.180, 1, 0 %, 0 MiB
2026/09/02 19:33:20.180, 0, 100 %, 18867 MiB
2026/09/02 19:33:20.180, 1, 0 %, 0 MiB
2026/09/02 19:33:25.181, 0, 100 %, 18867 MiB
2026/09/02 19:33:25.181, 1, 0 %, 0 MiB
2026/09/02 19:33:30.182, 0, 100 %, 18867 MiB
2026/09/02 19:33:30.185, 1, 0 %, 0 MiB
2026/09/02 19:33:35.187, 0, 100 %, 18867 MiB
2026/09/02 19:33:35.187, 1, 0 %, 0 MiB
2026/09/02 19:33:40.187, 0, 100 %, 18867 MiB
2026/09/02 19:33:40.187, 1, 0 %, 0 MiB
2026/09/02 19:33:45.188, 0, 100 %, 18867 MiB
2026/09/02 19:33:45.188, 1, 0 %, 0 MiB
2026/09/02 19:33:50.189, 0, 100 %, 18867 MiB
2026/09/02 19:33:50.189, 1, 0 %, 0 MiB
2026/09/02 19:33:55.189, 0, 100 %, 18867 MiB
2026/09/02 19:33:55.189, 1, 0 %, 0 MiB
2026/09/02 19:34:00.190, 0, 100 %, 18867 MiB
2026/09/02 19:34:00.190, 1, 0 %, 0 MiB
2026/09/02 19:34:05.190, 0, 100 %, 18867 MiB
2026/09/02 19:34:05.191, 1, 0 %, 0 MiB
2026/09/02 19:34:10.191, 0, 100 %, 18867 MiB
2026/09/02 19:34:10.191, 1, 0 %, 0 MiB
2026/09/02 19:34:15.192, 0, 100 %, 18867 MiB
2026/09/02 19:34:15.192, 1, 0 %, 0 MiB
2026/09/02 19:34:20.192, 0, 100 %, 18867 MiB
2026/09/02 19:34:20.192, 1, 0 %, 0 MiB
2026/09/02 19:34:25.193, 0, 100 %, 18867 MiB
2026/09/02 19:34:25.193, 1, 0 %, 0 MiB
2026/09/02 19:34:30.193, 0, 100 %, 18867 MiB
2026/09/02 19:34:30.194, 1, 0 %, 0 MiB
2026/09/02 19:34:35.194, 0, 100 %, 18867 MiB
2026/09/02 19:34:35.194, 1, 0 %, 0 MiB
2026/09/02 19:34:40.195, 0, 100 %, 18867 MiB
2026/09/02 19:34:40.195, 1, 0 %, 0 MiB
2026/09/02 19:34:45.195, 0, 100 %, 18867 MiB
2026/09/02 19:34:45.195, 1, 0 %, 0 MiB
2026/09/02 19:34:50.196, 0, 100 %, 18867 MiB
2026/09/02 19:34:50.196, 1, 0 %, 0 MiB
2026/09/02 19:34:55.197, 0, 100 %, 18867 MiB
2026/09/02 19:34:55.197, 1, 0 %, 0 MiB
2026/09/02 19:35:00.197, 0, 100 %, 18867 MiB
2026/09/02 19:35:00.197, 1, 0 %, 0 MiB
2026/09/02 19:35:05.198, 0, 100 %, 18867 MiB
2026/09/02 19:35:05.198, 1, 0 %, 0 MiB
2026/09/02 19:35:10.198, 0, 100 %, 18867 MiB
2026/09/02 19:35:10.199, 1, 0 %, 0 MiB
2026/09/02 19:35:15.199, 0, 100 %, 18867 MiB
2026/09/02 19:35:15.199, 1, 0 %, 0 MiB
2026/09/02 19:35:20.200, 0, 100 %, 18867 MiB
2026/09/02 19:35:20.200, 1, 0 %, 0 MiB
2026/09/02 19:35:25.200, 0, 100 %, 18867 MiB
2026/09/02 19:35:25.200, 1, 0 %, 0 MiB
2026/09/02 19:35:30.201, 0, 100 %, 18867 MiB
2026/09/02 19:35:30.201, 1, 0 %, 0 MiB
2026/09/02 19:35:35.201, 0, 100 %, 18867 MiB
2026/09/02 19:35:35.202, 1, 0 %, 0 MiB
2026/09/02 19:35:40.202, 0, 100 %, 18867 MiB
2026/09/02 19:35:40.202, 1, 0 %, 0 MiB
2026/09/02 19:35:45.203, 0, 100 %, 18867 MiB
2026/09/02 19:35:45.203, 1, 0 %, 0 MiB
2026/09/02 19:35:50.203, 0, 100 %, 18867 MiB
2026/09/02 19:35:50.203, 1, 0 %, 0 MiB
2026/09/02 19:35:55.204, 0, 100 %, 18867 MiB
2026/09/02 19:35:55.204, 1, 0 %, 0 MiB
2026/09/02 19:36:00.204, 0, 100 %, 18867 MiB
2026/09/02 19:36:00.205, 1, 0 %, 0 MiB
2026/09/02 19:36:05.205, 0, 100 %, 18867 MiB
2026/09/02 19:36:05.205, 1, 0 %, 0 MiB
2026/09/02 19:36:10.206, 0, 100 %, 18867 MiB
2026/09/02 19:36:10.206, 1, 0 %, 0 MiB
2026/09/02 19:36:15.206, 0, 100 %, 18867 MiB
2026/09/02 19:36:15.206, 1, 0 %, 0 MiB
2026/09/02 19:36:20.207, 0, 100 %, 18867 MiB
2026/09/02 19:36:20.207, 1, 0 %, 0 MiB
2026/09/02 19:36:25.207, 0, 100 %, 18867 MiB
2026/09/02 19:36:25.208, 1, 0 %, 0 MiB
2026/09/02 19:36:30.208, 0, 100 %, 18867 MiB
2026/09/02 19:36:30.208, 1, 0 %, 0 MiB
2026/09/02 19:36:35.209, 0, 100 %, 18867 MiB
2026/09/02 19:36:35.209, 1, 0 %, 0 MiB
2026/09/02 19:36:40.209, 0, 100 %, 18867 MiB
2026/09/02 19:36:40.209, 1, 0 %, 0 MiB
2026/09/02 19:36:45.210, 0, 100 %, 18867 MiB
2026/09/02 19:36:45.210, 1, 0 %, 0 MiB
2026/09/02 19:36:50.211, 0, 100 %, 18867 MiB
2026/09/02 19:36:50.211, 1, 0 %, 0 MiB
2026/09/02 19:36:55.211, 0, 100 %, 18867 MiB
2026/09/02 19:36:55.212, 1, 0 %, 0 MiB
2026/09/02 19:37:00.212, 0, 100 %, 18867 MiB
2026/09/02 19:37:00.212, 1, 0 %, 0 MiB
2026/09/02 19:37:05.213, 0, 100 %, 18867 MiB
2026/09/02 19:37:05.213, 1, 0 %, 0 MiB
2026/09/02 19:37:10.213, 0, 100 %, 18867 MiB
2026/09/02 19:37:10.213, 1, 0 %, 0 MiB
2026/09/02 19:37:15.214, 0, 0 %, 18867 MiB
2026/09/02 19:37:15.214, 1, 0 %, 0 MiB
2026/09/02 19:37:20.215, 0, 0 %, 18867 MiB
2026/09/02 19:37:20.215, 1, 0 %, 0 MiB
2026/09/02 19:37:25.215, 0, 0 %, 18867 MiB
2026/09/02 19:37:25.216, 1, 0 %, 0 MiB
2026/09/02 19:37:30.216, 0, 0 %, 18867 MiB
2026/09/02 19:37:30.216, 1, 0 %, 0 MiB
2026/09/02 19:37:35.217, 0, 0 %, 18867 MiB
2026/09/02 19:37:35.217, 1, 0 %, 0 MiB
2026/09/02 19:37:40.217, 0, 100 %, 18867 MiB
2026/09/02 19:37:40.217, 1, 0 %, 0 MiB
2026/09/02 19:37:45.218, 0, 100 %, 18867 MiB
2026/09/02 19:37:45.218, 1, 0 %, 0 MiB
2026/09/02 19:37:50.219, 0, 100 %, 18867 MiB
2026/09/02 19:37:50.219, 1, 0 %, 0 MiB
2026/09/02 19:37:55.219, 0, 100 %, 18867 MiB
2026/09/02 19:37:55.219, 1, 0 %, 0 MiB
2026/09/02 19:38:00.220, 0, 100 %, 18867 MiB
2026/09/02 19:38:00.220, 1, 0 %, 0 MiB
2026/09/02 19:38:05.220, 0, 100 %, 18867 MiB
2026/09/02 19:38:05.220, 1, 0 %, 0 MiB
2026/09/02 19:38:10.221, 0, 100 %, 18867 MiB
2026/09/02 19:38:10.221, 1, 0 %, 0 MiB
2026/09/02 19:38:15.222, 0, 100 %, 18867 MiB
2026/09/02 19:38:15.222, 1, 0 %, 0 MiB
2026/09/02 19:38:20.222, 0, 100 %, 18867 MiB
2026/09/02 19:38:20.222, 1, 0 %, 0 MiB
2026/09/02 19:38:25.223, 0, 100 %, 18867 MiB
2026/09/02 19:38:25.223, 1, 0 %, 0 MiB
2026/09/02 19:38:30.223, 0, 100 %, 18867 MiB
2026/09/02 19:38:30.224, 1, 0 %, 0 MiB
2026/09/02 19:38:35.224, 0, 100 %, 18867 MiB
2026/09/02 19:38:35.224, 1, 0 %, 0 MiB
2026/09/02 19:38:40.225, 0, 100 %, 18867 MiB
2026/09/02 19:38:40.225, 1, 0 %, 0 MiB
2026/09/02 19:38:45.225, 0, 100 %, 18867 MiB
2026/09/02 19:38:45.226, 1, 0 %, 0 MiB
2026/09/02 19:38:50.226, 0, 100 %, 18867 MiB
2026/09/02 19:38:50.226, 1, 0 %, 0 MiB
2026/09/02 19:38:55.227, 0, 100 %, 18867 MiB
2026/09/02 19:38:55.227, 1, 0 %, 0 MiB
2026/09/02 19:39:00.227, 0, 100 %, 18867 MiB
2026/09/02 19:39:00.227, 1, 0 %, 0 MiB
2026/09/02 19:39:05.228, 0, 100 %, 18867 MiB
2026/09/02 19:39:05.228, 1, 0 %, 0 MiB
2026/09/02 19:39:10.228, 0, 100 %, 18867 MiB
2026/09/02 19:39:10.229, 1, 0 %, 0 MiB
2026/09/02 19:39:15.229, 0, 100 %, 18867 MiB
2026/09/02 19:39:15.229, 1, 0 %, 0 MiB
2026/09/02 19:39:20.230, 0, 100 %, 18867 MiB
2026/09/02 19:39:20.230, 1, 0 %, 0 MiB
2026/09/02 19:39:25.230, 0, 100 %, 18867 MiB
2026/09/02 19:39:25.230, 1, 0 %, 0 MiB
2026/09/02 19:39:30.231, 0, 100 %, 18867 MiB
2026/09/02 19:39:30.231, 1, 0 %, 0 MiB
2026/09/02 19:39:35.232, 0, 100 %, 18867 MiB
2026/09/02 19:39:35.232, 1, 0 %, 0 MiB
2026/09/02 19:39:40.232, 0, 100 %, 18867 MiB
2026/09/02 19:39:40.232, 1, 0 %, 0 MiB
2026/09/02 19:39:45.233, 0, 100 %, 18867 MiB
2026/09/02 19:39:45.233, 1, 0 %, 0 MiB
2026/09/02 19:39:50.234, 0, 100 %, 18867 MiB
2026/09/02 19:39:50.234, 1, 0 %, 0 MiB
2026/09/02 19:39:55.234, 0, 100 %, 18867 MiB
2026/09/02 19:39:55.237, 1, 0 %, 0 MiB
2026/09/02 19:40:00.239, 0, 100 %, 18867 MiB
2026/09/02 19:40:00.239, 1, 0 %, 0 MiB
2026/09/02 19:40:05.240, 0, 100 %, 18867 MiB
2026/09/02 19:40:05.240, 1, 0 %, 0 MiB
2026/09/02 19:40:10.241, 0, 100 %, 18867 MiB
2026/09/02 19:40:10.241, 1, 0 %, 0 MiB
2026/09/02 19:40:15.241, 0, 100 %, 18867 MiB
2026/09/02 19:40:15.241, 1, 0 %, 0 MiB
2026/09/02 19:40:20.242, 0, 100 %, 18867 MiB
2026/09/02 19:40:20.242, 1, 0 %, 0 MiB
2026/09/02 19:40:25.242, 0, 100 %, 18867 MiB
2026/09/02 19:40:25.242, 1, 0 %, 0 MiB
2026/09/02 19:40:30.243, 0, 100 %, 18867 MiB
2026/09/02 19:40:30.243, 1, 0 %, 0 MiB
2026/09/02 19:40:35.244, 0, 100 %, 18867 MiB
2026/09/02 19:40:35.244, 1, 0 %, 0 MiB
2026/09/02 19:40:40.244, 0, 100 %, 18867 MiB
2026/09/02 19:40:40.244, 1, 0 %, 0 MiB
2026/09/02 19:40:45.245, 0, 100 %, 18867 MiB
2026/09/02 19:40:45.245, 1, 0 %, 0 MiB
2026/09/02 19:40:50.245, 0, 100 %, 18867 MiB
2026/09/02 19:40:50.245, 1, 0 %, 0 MiB
2026/09/02 19:40:55.246, 0, 100 %, 18867 MiB
2026/09/02 19:40:55.246, 1, 0 %, 0 MiB
2026/09/02 19:41:00.247, 0, 100 %, 18867 MiB
2026/09/02 19:41:00.247, 1, 0 %, 0 MiB
2026/09/02 19:41:05.247, 0, 100 %, 18867 MiB
2026/09/02 19:41:05.247, 1, 0 %, 0 MiB
2026/09/02 19:41:10.248, 0, 100 %, 18867 MiB
2026/09/02 19:41:10.248, 1, 0 %, 0 MiB
2026/09/02 19:41:15.249, 0, 100 %, 18867 MiB
2026/09/02 19:41:15.249, 1, 0 %, 0 MiB
2026/09/02 19:41:20.249, 0, 100 %, 18867 MiB
2026/09/02 19:41:20.250, 1, 0 %, 0 MiB
2026/09/02 19:41:25.250, 0, 100 %, 18867 MiB
2026/09/02 19:41:25.250, 1, 0 %, 0 MiB
2026/09/02 19:41:30.251, 0, 100 %, 18867 MiB
2026/09/02 19:41:30.251, 1, 0 %, 0 MiB
2026/09/02 19:41:35.251, 0, 100 %, 18867 MiB
2026/09/02 19:41:35.251, 1, 0 %, 0 MiB
2026/09/02 19:41:40.252, 0, 100 %, 18867 MiB
2026/09/02 19:41:40.252, 1, 0 %, 0 MiB
2026/09/02 19:41:45.253, 0, 100 %, 18867 MiB
2026/09/02 19:41:45.253, 1, 0 %, 0 MiB
2026/09/02 19:41:50.253, 0, 100 %, 18867 MiB
2026/09/02 19:41:50.253, 1, 0 %, 0 MiB
2026/09/02 19:41:55.254, 0, 100 %, 18867 MiB
2026/09/02 19:41:55.254, 1, 0 %, 0 MiB
2026/09/02 19:42:00.254, 0, 100 %, 18867 MiB
2026/09/02 19:42:00.255, 1, 0 %, 0 MiB
2026/09/02 19:42:05.255, 0, 100 %, 18867 MiB
2026/09/02 19:42:05.255, 1, 0 %, 0 MiB
2026/09/02 19:42:10.256, 0, 100 %, 18867 MiB
2026/09/02 19:42:10.256, 1, 0 %, 0 MiB
2026/09/02 19:42:15.256, 0, 100 %, 18867 MiB
2026/09/02 19:42:15.256, 1, 0 %, 0 MiB
2026/09/02 19:42:20.257, 0, 100 %, 18867 MiB
2026/09/02 19:42:20.257, 1, 0 %, 0 MiB
2026/09/02 19:42:25.257, 0, 100 %, 18867 MiB
2026/09/02 19:42:25.258, 1, 0 %, 0 MiB
2026/09/02 19:42:30.258, 0, 0 %, 18867 MiB
2026/09/02 19:42:30.258, 1, 0 %, 0 MiB
2026/09/02 19:42:35.259, 0, 0 %, 18867 MiB
2026/09/02 19:42:35.259, 1, 0 %, 0 MiB
2026/09/02 19:42:40.259, 0, 0 %, 18867 MiB
2026/09/02 19:42:40.259, 1, 0 %, 0 MiB
2026/09/02 19:42:45.260, 0, 0 %, 18867 MiB
2026/09/02 19:42:45.260, 1, 0 %, 0 MiB
2026/09/02 19:42:50.260, 0, 0 %, 18867 MiB
2026/09/02 19:42:50.261, 1, 0 %, 0 MiB
2026/09/02 19:42:55.261, 0, 100 %, 18867 MiB
2026/09/02 19:42:55.261, 1, 0 %, 0 MiB
2026/09/02 19:43:00.262, 0, 100 %, 18867 MiB
2026/09/02 19:43:00.262, 1, 0 %, 0 MiB
2026/09/02 19:43:05.262, 0, 100 %, 18867 MiB
2026/09/02 19:43:05.263, 1, 0 %, 0 MiB
2026/09/02 19:43:10.263, 0, 100 %, 18867 MiB
2026/09/02 19:43:10.263, 1, 0 %, 0 MiB
2026/09/02 19:43:15.264, 0, 100 %, 18867 MiB
2026/09/02 19:43:15.264, 1, 0 %, 0 MiB
2026/09/02 19:43:20.264, 0, 100 %, 18867 MiB
2026/09/02 19:43:20.264, 1, 0 %, 0 MiB
2026/09/02 19:43:25.265, 0, 100 %, 18867 MiB
2026/09/02 19:43:25.265, 1, 0 %, 0 MiB
2026/09/02 19:43:30.266, 0, 100 %, 18867 MiB
2026/09/02 19:43:30.266, 1, 0 %, 0 MiB
2026/09/02 19:43:35.266, 0, 100 %, 18867 MiB
2026/09/02 19:43:35.266, 1, 0 %, 0 MiB
2026/09/02 19:43:40.267, 0, 100 %, 18867 MiB
2026/09/02 19:43:40.267, 1, 0 %, 0 MiB
2026/09/02 19:43:45.267, 0, 100 %, 18867 MiB
2026/09/02 19:43:45.268, 1, 0 %, 0 MiB
2026/09/02 19:43:50.268, 0, 100 %, 18867 MiB
2026/09/02 19:43:50.268, 1, 0 %, 0 MiB
2026/09/02 19:43:55.269, 0, 100 %, 18867 MiB
2026/09/02 19:43:55.269, 1, 0 %, 0 MiB
2026/09/02 19:44:00.269, 0, 100 %, 18867 MiB
2026/09/02 19:44:00.269, 1, 0 %, 0 MiB
2026/09/02 19:44:05.270, 0, 100 %, 18867 MiB
2026/09/02 19:44:05.270, 1, 0 %, 0 MiB
2026/09/02 19:44:10.271, 0, 100 %, 18867 MiB
2026/09/02 19:44:10.271, 1, 0 %, 0 MiB
2026/09/02 19:44:15.271, 0, 100 %, 18867 MiB
2026/09/02 19:44:15.271, 1, 0 %, 0 MiB
2026/09/02 19:44:20.272, 0, 100 %, 18867 MiB
2026/09/02 19:44:20.272, 1, 0 %, 0 MiB
2026/09/02 19:44:25.273, 0, 100 %, 18867 MiB
2026/09/02 19:44:25.273, 1, 0 %, 0 MiB
2026/09/02 19:44:30.273, 0, 100 %, 18867 MiB
2026/09/02 19:44:30.273, 1, 0 %, 0 MiB
2026/09/02 19:44:35.274, 0, 100 %, 18867 MiB
2026/09/02 19:44:35.274, 1, 0 %, 0 MiB
2026/09/02 19:44:40.275, 0, 100 %, 18867 MiB
2026/09/02 19:44:40.275, 1, 0 %, 0 MiB
2026/09/02 19:44:45.275, 0, 100 %, 18867 MiB
2026/09/02 19:44:45.275, 1, 0 %, 0 MiB
2026/09/02 19:44:50.276, 0, 100 %, 18867 MiB
2026/09/02 19:44:50.276, 1, 0 %, 0 MiB
2026/09/02 19:44:55.276, 0, 100 %, 18867 MiB
2026/09/02 19:44:55.277, 1, 0 %, 0 MiB
2026/09/02 19:45:00.277, 0, 100 %, 18867 MiB
2026/09/02 19:45:00.277, 1, 0 %, 0 MiB
2026/09/02 19:45:05.278, 0, 100 %, 18867 MiB
2026/09/02 19:45:05.278, 1, 0 %, 0 MiB
2026/09/02 19:45:10.278, 0, 100 %, 18867 MiB
2026/09/02 19:45:10.279, 1, 0 %, 0 MiB
2026/09/02 19:45:15.279, 0, 100 %, 18867 MiB
2026/09/02 19:45:15.279, 1, 0 %, 0 MiB
2026/09/02 19:45:20.280, 0, 100 %, 18867 MiB
2026/09/02 19:45:20.280, 1, 0 %, 0 MiB
2026/09/02 19:45:25.280, 0, 100 %, 18867 MiB
2026/09/02 19:45:25.280, 1, 0 %, 0 MiB
2026/09/02 19:45:30.281, 0, 100 %, 18867 MiB
2026/09/02 19:45:30.281, 1, 0 %, 0 MiB
2026/09/02 19:45:35.282, 0, 100 %, 18867 MiB
2026/09/02 19:45:35.282, 1, 0 %, 0 MiB
2026/09/02 19:45:40.282, 0, 100 %, 18867 MiB
2026/09/02 19:45:40.282, 1, 0 %, 0 MiB
2026/09/02 19:45:45.283, 0, 100 %, 18867 MiB
2026/09/02 19:45:45.283, 1, 0 %, 0 MiB
2026/09/02 19:45:50.283, 0, 100 %, 18867 MiB
2026/09/02 19:45:50.283, 1, 0 %, 0 MiB
2026/09/02 19:45:55.284, 0, 100 %, 18867 MiB
2026/09/02 19:45:55.284, 1, 0 %, 0 MiB
2026/09/02 19:46:00.285, 0, 100 %, 18867 MiB
2026/09/02 19:46:00.285, 1, 0 %, 0 MiB
2026/09/02 19:46:05.285, 0, 100 %, 18867 MiB
2026/09/02 19:46:05.285, 1, 0 %, 0 MiB
2026/09/02 19:46:10.286, 0, 100 %, 18867 MiB
2026/09/02 19:46:10.286, 1, 0 %, 0 MiB
2026/09/02 19:46:15.286, 0, 100 %, 18867 MiB
2026/09/02 19:46:15.286, 1, 0 %, 0 MiB
2026/09/02 19:46:20.287, 0, 100 %, 18867 MiB
2026/09/02 19:46:20.287, 1, 0 %, 0 MiB
2026/09/02 19:46:25.287, 0, 100 %, 18867 MiB
2026/09/02 19:46:25.288, 1, 0 %, 0 MiB
2026/09/02 19:46:30.288, 0, 100 %, 18867 MiB
2026/09/02 19:46:30.288, 1, 0 %, 0 MiB
2026/09/02 19:46:35.289, 0, 100 %, 18867 MiB
2026/09/02 19:46:35.289, 1, 0 %, 0 MiB
2026/09/02 19:46:40.289, 0, 100 %, 18867 MiB
2026/09/02 19:46:40.289, 1, 0 %, 0 MiB
2026/09/02 19:46:45.290, 0, 100 %, 18867 MiB
2026/09/02 19:46:45.290, 1, 0 %, 0 MiB
2026/09/02 19:46:50.290, 0, 100 %, 18867 MiB
2026/09/02 19:46:50.291, 1, 0 %, 0 MiB
2026/09/02 19:46:55.291, 0, 100 %, 18867 MiB
2026/09/02 19:46:55.291, 1, 0 %, 0 MiB
2026/09/02 19:47:00.292, 0, 100 %, 18867 MiB
2026/09/02 19:47:00.292, 1, 0 %, 0 MiB
2026/09/02 19:47:05.292, 0, 100 %, 18867 MiB
2026/09/02 19:47:05.293, 1, 0 %, 0 MiB
2026/09/02 19:47:10.293, 0, 100 %, 18867 MiB
2026/09/02 19:47:10.293, 1, 0 %, 0 MiB
2026/09/02 19:47:15.294, 0, 100 %, 18867 MiB
2026/09/02 19:47:15.294, 1, 0 %, 0 MiB
2026/09/02 19:47:20.294, 0, 100 %, 18867 MiB
2026/09/02 19:47:20.294, 1, 0 %, 0 MiB
2026/09/02 19:47:25.295, 0, 100 %, 18867 MiB
2026/09/02 19:47:25.295, 1, 0 %, 0 MiB
2026/09/02 19:47:30.296, 0, 100 %, 18867 MiB
2026/09/02 19:47:30.296, 1, 0 %, 0 MiB
2026/09/02 19:47:35.296, 0, 100 %, 18867 MiB
2026/09/02 19:47:35.297, 1, 0 %, 0 MiB
2026/09/02 19:47:40.297, 0, 100 %, 18867 MiB
2026/09/02 19:47:40.297, 1, 0 %, 0 MiB
2026/09/02 19:47:45.298, 0, 100 %, 18867 MiB
2026/09/02 19:47:45.298, 1, 0 %, 0 MiB
2026/09/02 19:47:50.298, 0, 100 %, 18867 MiB
2026/09/02 19:47:50.298, 1, 0 %, 0 MiB
2026/09/02 19:47:55.299, 0, 0 %, 18867 MiB
2026/09/02 19:47:55.299, 1, 0 %, 0 MiB
2026/09/02 19:48:00.300, 0, 0 %, 18867 MiB
2026/09/02 19:48:00.300, 1, 0 %, 0 MiB
2026/09/02 19:48:05.300, 0, 0 %, 18867 MiB
2026/09/02 19:48:05.300, 1, 0 %, 0 MiB
2026/09/02 19:48:10.301, 0, 0 %, 18867 MiB
2026/09/02 19:48:10.301, 1, 0 %, 0 MiB
2026/09/02 19:48:15.302, 0, 0 %, 18867 MiB
2026/09/02 19:48:15.302, 1, 0 %, 0 MiB
2026/09/02 19:48:20.302, 0, 100 %, 18867 MiB
2026/09/02 19:48:20.303, 1, 0 %, 0 MiB
2026/09/02 19:48:25.303, 0, 100 %, 18867 MiB
2026/09/02 19:48:25.303, 1, 0 %, 0 MiB
2026/09/02 19:48:30.304, 0, 100 %, 18867 MiB
2026/09/02 19:48:30.304, 1, 0 %, 0 MiB
2026/09/02 19:48:35.304, 0, 100 %, 18867 MiB
2026/09/02 19:48:35.304, 1, 0 %, 0 MiB
2026/09/02 19:48:40.305, 0, 100 %, 18867 MiB
2026/09/02 19:48:40.305, 1, 0 %, 0 MiB
2026/09/02 19:48:45.306, 0, 100 %, 18867 MiB
2026/09/02 19:48:45.306, 1, 0 %, 0 MiB
2026/09/02 19:48:50.306, 0, 100 %, 18867 MiB
2026/09/02 19:48:50.434, 1, 0 %, 0 MiB
2026/09/02 19:48:55.434, 0, 100 %, 18867 MiB
2026/09/02 19:48:55.434, 1, 0 %, 0 MiB
2026/09/02 19:49:00.435, 0, 100 %, 18867 MiB
2026/09/02 19:49:00.435, 1, 0 %, 0 MiB
2026/09/02 19:49:05.436, 0, 100 %, 18867 MiB
2026/09/02 19:49:05.436, 1, 0 %, 0 MiB
2026/09/02 19:49:10.436, 0, 100 %, 18867 MiB
2026/09/02 19:49:10.581, 1, 0 %, 0 MiB
2026/09/02 19:49:15.582, 0, 100 %, 18867 MiB
2026/09/02 19:49:15.582, 1, 0 %, 0 MiB
2026/09/02 19:49:20.582, 0, 100 %, 18867 MiB
2026/09/02 19:49:20.582, 1, 0 %, 0 MiB
2026/09/02 19:49:25.583, 0, 100 %, 18867 MiB
2026/09/02 19:49:25.583, 1, 0 %, 0 MiB
2026/09/02 19:49:30.583, 0, 100 %, 18867 MiB
2026/09/02 19:49:30.584, 1, 0 %, 0 MiB
2026/09/02 19:49:35.584, 0, 100 %, 18867 MiB
2026/09/02 19:49:35.584, 1, 0 %, 0 MiB
2026/09/02 19:49:40.585, 0, 100 %, 18867 MiB
2026/09/02 19:49:40.585, 1, 0 %, 0 MiB
2026/09/02 19:49:45.585, 0, 100 %, 18867 MiB
2026/09/02 19:49:45.585, 1, 0 %, 0 MiB
2026/09/02 19:49:50.586, 0, 100 %, 18867 MiB
2026/09/02 19:49:50.586, 1, 0 %, 0 MiB
2026/09/02 19:49:55.586, 0, 100 %, 18867 MiB
2026/09/02 19:49:55.586, 1, 0 %, 0 MiB
2026/09/02 19:50:00.587, 0, 100 %, 18867 MiB
2026/09/02 19:50:00.587, 1, 0 %, 0 MiB
2026/09/02 19:50:05.588, 0, 100 %, 18867 MiB
2026/09/02 19:50:05.590, 1, 0 %, 0 MiB
2026/09/02 19:50:10.591, 0, 100 %, 18867 MiB
2026/09/02 19:50:10.591, 1, 0 %, 0 MiB
2026/09/02 19:50:15.591, 0, 100 %, 18867 MiB
2026/09/02 19:50:15.591, 1, 0 %, 0 MiB
2026/09/02 19:50:20.592, 0, 100 %, 18867 MiB
2026/09/02 19:50:20.592, 1, 0 %, 0 MiB
2026/09/02 19:50:25.592, 0, 100 %, 18867 MiB
2026/09/02 19:50:25.593, 1, 0 %, 0 MiB
2026/09/02 19:50:30.593, 0, 100 %, 18867 MiB
2026/09/02 19:50:30.593, 1, 0 %, 0 MiB
2026/09/02 19:50:35.594, 0, 100 %, 18867 MiB
2026/09/02 19:50:35.594, 1, 0 %, 0 MiB
2026/09/02 19:50:40.594, 0, 100 %, 18867 MiB
2026/09/02 19:50:40.594, 1, 0 %, 0 MiB
2026/09/02 19:50:45.595, 0, 100 %, 18867 MiB
2026/09/02 19:50:45.595, 1, 0 %, 0 MiB
2026/09/02 19:50:50.596, 0, 100 %, 18867 MiB
2026/09/02 19:50:50.596, 1, 0 %, 0 MiB
2026/09/02 19:50:55.596, 0, 100 %, 18867 MiB
2026/09/02 19:50:55.596, 1, 0 %, 0 MiB
2026/09/02 19:51:00.597, 0, 100 %, 18867 MiB
2026/09/02 19:51:00.597, 1, 0 %, 0 MiB
2026/09/02 19:51:05.598, 0, 100 %, 18867 MiB
2026/09/02 19:51:05.598, 1, 0 %, 0 MiB
2026/09/02 19:51:10.598, 0, 100 %, 18867 MiB
2026/09/02 19:51:10.598, 1, 0 %, 0 MiB
2026/09/02 19:51:15.599, 0, 100 %, 18867 MiB
2026/09/02 19:51:15.599, 1, 0 %, 0 MiB
2026/09/02 19:51:20.600, 0, 100 %, 18867 MiB
2026/09/02 19:51:20.600, 1, 0 %, 0 MiB
2026/09/02 19:51:25.600, 0, 100 %, 18867 MiB
2026/09/02 19:51:25.600, 1, 0 %, 0 MiB
2026/09/02 19:51:30.601, 0, 100 %, 18867 MiB
2026/09/02 19:51:30.601, 1, 0 %, 0 MiB
2026/09/02 19:51:35.602, 0, 100 %, 18867 MiB
2026/09/02 19:51:35.602, 1, 0 %, 0 MiB
2026/09/02 19:51:40.602, 0, 100 %, 18867 MiB
2026/09/02 19:51:40.602, 1, 0 %, 0 MiB
2026/09/02 19:51:45.603, 0, 100 %, 18867 MiB
2026/09/02 19:51:45.603, 1, 0 %, 0 MiB
2026/09/02 19:51:50.603, 0, 100 %, 18867 MiB
2026/09/02 19:51:50.603, 1, 0 %, 0 MiB
2026/09/02 19:51:55.604, 0, 100 %, 18867 MiB
2026/09/02 19:51:55.604, 1, 0 %, 0 MiB
2026/09/02 19:52:00.604, 0, 100 %, 18867 MiB
2026/09/02 19:52:00.605, 1, 0 %, 0 MiB
2026/09/02 19:52:05.605, 0, 100 %, 18867 MiB
2026/09/02 19:52:05.605, 1, 0 %, 0 MiB
2026/09/02 19:52:10.606, 0, 100 %, 18867 MiB
2026/09/02 19:52:10.606, 1, 0 %, 0 MiB
2026/09/02 19:52:15.606, 0, 100 %, 18867 MiB
2026/09/02 19:52:15.606, 1, 0 %, 0 MiB
2026/09/02 19:52:20.607, 0, 100 %, 18867 MiB
2026/09/02 19:52:20.607, 1, 0 %, 0 MiB
2026/09/02 19:52:25.608, 0, 100 %, 18867 MiB
2026/09/02 19:52:25.608, 1, 0 %, 0 MiB
2026/09/02 19:52:30.608, 0, 100 %, 18867 MiB
2026/09/02 19:52:30.608, 1, 0 %, 0 MiB
2026/09/02 19:52:35.609, 0, 100 %, 18867 MiB
2026/09/02 19:52:35.609, 1, 0 %, 0 MiB
2026/09/02 19:52:40.610, 0, 100 %, 18867 MiB
2026/09/02 19:52:40.610, 1, 0 %, 0 MiB
2026/09/02 19:52:45.611, 0, 100 %, 18867 MiB
2026/09/02 19:52:45.611, 1, 0 %, 0 MiB
2026/09/02 19:52:50.611, 0, 100 %, 18867 MiB
2026/09/02 19:52:50.611, 1, 0 %, 0 MiB
2026/09/02 19:52:55.612, 0, 100 %, 18867 MiB
2026/09/02 19:52:55.612, 1, 0 %, 0 MiB
2026/09/02 19:53:00.612, 0, 0 %, 18867 MiB
2026/09/02 19:53:00.612, 1, 0 %, 0 MiB
2026/09/02 19:53:05.613, 0, 0 %, 18867 MiB
2026/09/02 19:53:05.613, 1, 0 %, 0 MiB
2026/09/02 19:53:10.614, 0, 0 %, 18867 MiB
2026/09/02 19:53:10.614, 1, 0 %, 0 MiB
2026/09/02 19:53:15.614, 0, 0 %, 18867 MiB
2026/09/02 19:53:15.615, 1, 0 %, 0 MiB
2026/09/02 19:53:20.615, 0, 0 %, 18867 MiB
2026/09/02 19:53:20.615, 1, 0 %, 0 MiB
2026/09/02 19:53:25.616, 0, 100 %, 18867 MiB
2026/09/02 19:53:25.616, 1, 0 %, 0 MiB
2026/09/02 19:53:30.617, 0, 100 %, 18867 MiB
2026/09/02 19:53:30.621, 1, 0 %, 0 MiB
2026/09/02 19:53:35.623, 0, 100 %, 18867 MiB
2026/09/02 19:53:35.623, 1, 0 %, 0 MiB
2026/09/02 19:53:40.624, 0, 100 %, 18867 MiB
2026/09/02 19:53:40.624, 1, 0 %, 0 MiB
2026/09/02 19:53:45.624, 0, 100 %, 18867 MiB
2026/09/02 19:53:45.625, 1, 0 %, 0 MiB
2026/09/02 19:53:50.625, 0, 100 %, 18867 MiB
2026/09/02 19:53:50.625, 1, 0 %, 0 MiB
2026/09/02 19:53:55.626, 0, 100 %, 18867 MiB
2026/09/02 19:53:55.626, 1, 0 %, 0 MiB
2026/09/02 19:54:00.626, 0, 100 %, 18867 MiB
2026/09/02 19:54:00.626, 1, 0 %, 0 MiB
2026/09/02 19:54:05.627, 0, 100 %, 18867 MiB
2026/09/02 19:54:05.627, 1, 0 %, 0 MiB
2026/09/02 19:54:10.627, 0, 100 %, 18867 MiB
2026/09/02 19:54:10.627, 1, 0 %, 0 MiB
2026/09/02 19:54:15.628, 0, 100 %, 18867 MiB
2026/09/02 19:54:15.628, 1, 0 %, 0 MiB
2026/09/02 19:54:20.629, 0, 100 %, 18867 MiB
2026/09/02 19:54:20.629, 1, 0 %, 0 MiB
2026/09/02 19:54:25.629, 0, 100 %, 18867 MiB
2026/09/02 19:54:25.629, 1, 0 %, 0 MiB
2026/09/02 19:54:30.630, 0, 100 %, 18867 MiB
2026/09/02 19:54:30.630, 1, 0 %, 0 MiB
2026/09/02 19:54:35.631, 0, 100 %, 18867 MiB
2026/09/02 19:54:35.631, 1, 0 %, 0 MiB
2026/09/02 19:54:40.631, 0, 100 %, 18867 MiB
2026/09/02 19:54:40.632, 1, 0 %, 0 MiB
2026/09/02 19:54:45.632, 0, 100 %, 18867 MiB
2026/09/02 19:54:45.632, 1, 0 %, 0 MiB
2026/09/02 19:54:50.633, 0, 100 %, 18867 MiB
2026/09/02 19:54:50.633, 1, 0 %, 0 MiB
2026/09/02 19:54:55.633, 0, 100 %, 18867 MiB
2026/09/02 19:54:55.634, 1, 0 %, 0 MiB
2026/09/02 19:55:00.634, 0, 100 %, 18867 MiB
2026/09/02 19:55:00.634, 1, 0 %, 0 MiB
2026/09/02 19:55:05.635, 0, 100 %, 18867 MiB
2026/09/02 19:55:05.635, 1, 0 %, 0 MiB
2026/09/02 19:55:10.636, 0, 100 %, 18867 MiB
2026/09/02 19:55:10.636, 1, 0 %, 0 MiB
2026/09/02 19:55:15.636, 0, 100 %, 18867 MiB
2026/09/02 19:55:15.636, 1, 0 %, 0 MiB
2026/09/02 19:55:20.637, 0, 100 %, 18867 MiB
2026/09/02 19:55:20.637, 1, 0 %, 0 MiB
2026/09/02 19:55:25.638, 0, 100 %, 18867 MiB
2026/09/02 19:55:25.638, 1, 0 %, 0 MiB
2026/09/02 19:55:30.639, 0, 100 %, 18867 MiB
2026/09/02 19:55:30.639, 1, 0 %, 0 MiB
2026/09/02 19:55:35.639, 0, 100 %, 18867 MiB
2026/09/02 19:55:35.639, 1, 0 %, 0 MiB
2026/09/02 19:55:40.640, 0, 100 %, 18867 MiB
2026/09/02 19:55:40.640, 1, 0 %, 0 MiB
2026/09/02 19:55:45.640, 0, 100 %, 18867 MiB
2026/09/02 19:55:45.641, 1, 0 %, 0 MiB
2026/09/02 19:55:50.641, 0, 100 %, 18867 MiB
2026/09/02 19:55:50.641, 1, 0 %, 0 MiB
2026/09/02 19:55:55.642, 0, 100 %, 18867 MiB
2026/09/02 19:55:55.642, 1, 0 %, 0 MiB
2026/09/02 19:56:00.642, 0, 100 %, 18867 MiB
2026/09/02 19:56:00.642, 1, 0 %, 0 MiB
2026/09/02 19:56:05.643, 0, 100 %, 18867 MiB
2026/09/02 19:56:05.643, 1, 0 %, 0 MiB
2026/09/02 19:56:10.643, 0, 100 %, 18867 MiB
2026/09/02 19:56:10.644, 1, 0 %, 0 MiB
2026/09/02 19:56:15.644, 0, 100 %, 18867 MiB
2026/09/02 19:56:15.645, 1, 0 %, 0 MiB
2026/09/02 19:56:20.645, 0, 100 %, 18867 MiB
2026/09/02 19:56:20.645, 1, 0 %, 0 MiB
2026/09/02 19:56:25.646, 0, 100 %, 18867 MiB
2026/09/02 19:56:25.646, 1, 0 %, 0 MiB
2026/09/02 19:56:30.646, 0, 100 %, 18867 MiB
2026/09/02 19:56:30.646, 1, 0 %, 0 MiB
2026/09/02 19:56:35.647, 0, 100 %, 18867 MiB
2026/09/02 19:56:35.647, 1, 0 %, 0 MiB
2026/09/02 19:56:40.647, 0, 100 %, 18867 MiB
2026/09/02 19:56:40.648, 1, 0 %, 0 MiB
2026/09/02 19:56:45.648, 0, 100 %, 18867 MiB
2026/09/02 19:56:45.648, 1, 0 %, 0 MiB
2026/09/02 19:56:50.649, 0, 100 %, 18867 MiB
2026/09/02 19:56:50.649, 1, 0 %, 0 MiB
2026/09/02 19:56:55.649, 0, 100 %, 18867 MiB
2026/09/02 19:56:55.650, 1, 0 %, 0 MiB
2026/09/02 19:57:00.650, 0, 100 %, 18867 MiB
2026/09/02 19:57:00.650, 1, 0 %, 0 MiB
2026/09/02 19:57:05.651, 0, 100 %, 18867 MiB
2026/09/02 19:57:05.651, 1, 0 %, 0 MiB
2026/09/02 19:57:10.651, 0, 100 %, 18867 MiB
2026/09/02 19:57:10.651, 1, 0 %, 0 MiB
2026/09/02 19:57:15.652, 0, 100 %, 18867 MiB
2026/09/02 19:57:15.652, 1, 0 %, 0 MiB
2026/09/02 19:57:20.652, 0, 0 %, 18867 MiB
2026/09/02 19:57:20.652, 1, 0 %, 0 MiB
2026/09/02 19:57:25.653, 0, 0 %, 18867 MiB
2026/09/02 19:57:25.653, 1, 0 %, 0 MiB
2026/09/02 19:57:30.653, 0, 0 %, 18867 MiB
2026/09/02 19:57:30.654, 1, 0 %, 0 MiB
2026/09/02 19:57:35.654, 0, 100 %, 18867 MiB
2026/09/02 19:57:35.654, 1, 0 %, 0 MiB
2026/09/02 19:57:40.655, 0, 100 %, 18867 MiB
2026/09/02 19:57:40.655, 1, 0 %, 0 MiB
2026/09/02 19:57:45.655, 0, 100 %, 18867 MiB
2026/09/02 19:57:45.655, 1, 0 %, 0 MiB
2026/09/02 19:57:50.656, 0, 100 %, 18867 MiB
2026/09/02 19:57:50.656, 1, 0 %, 0 MiB
2026/09/02 19:57:55.656, 0, 100 %, 18867 MiB
2026/09/02 19:57:55.656, 1, 0 %, 0 MiB
2026/09/02 19:58:00.657, 0, 100 %, 18867 MiB
2026/09/02 19:58:00.657, 1, 0 %, 0 MiB
2026/09/02 19:58:05.657, 0, 100 %, 18867 MiB
2026/09/02 19:58:05.658, 1, 0 %, 0 MiB
2026/09/02 19:58:10.658, 0, 100 %, 18867 MiB
2026/09/02 19:58:10.658, 1, 0 %, 0 MiB
2026/09/02 19:58:15.659, 0, 100 %, 18867 MiB
2026/09/02 19:58:15.659, 1, 0 %, 0 MiB
2026/09/02 19:58:20.659, 0, 100 %, 18867 MiB
2026/09/02 19:58:20.659, 1, 0 %, 0 MiB
2026/09/02 19:58:25.660, 0, 100 %, 18867 MiB
2026/09/02 19:58:25.660, 1, 0 %, 0 MiB
2026/09/02 19:58:30.660, 0, 100 %, 18867 MiB
2026/09/02 19:58:30.660, 1, 0 %, 0 MiB
2026/09/02 19:58:35.661, 0, 100 %, 18867 MiB
2026/09/02 19:58:35.661, 1, 0 %, 0 MiB
2026/09/02 19:58:40.661, 0, 100 %, 18867 MiB
2026/09/02 19:58:40.661, 1, 0 %, 0 MiB
2026/09/02 19:58:45.662, 0, 100 %, 18867 MiB
2026/09/02 19:58:45.662, 1, 0 %, 0 MiB
2026/09/02 19:58:50.662, 0, 100 %, 18867 MiB
2026/09/02 19:58:50.662, 1, 0 %, 0 MiB
2026/09/02 19:58:55.663, 0, 100 %, 18867 MiB
2026/09/02 19:58:55.663, 1, 0 %, 0 MiB
2026/09/02 19:59:00.663, 0, 100 %, 18867 MiB
2026/09/02 19:59:00.664, 1, 0 %, 0 MiB
2026/09/02 19:59:05.664, 0, 100 %, 18867 MiB
2026/09/02 19:59:05.664, 1, 0 %, 0 MiB
2026/09/02 19:59:10.665, 0, 100 %, 18867 MiB
2026/09/02 19:59:10.665, 1, 0 %, 0 MiB
2026/09/02 19:59:15.665, 0, 100 %, 18867 MiB
2026/09/02 19:59:15.666, 1, 0 %, 0 MiB
2026/09/02 19:59:20.666, 0, 100 %, 18867 MiB
2026/09/02 19:59:20.666, 1, 0 %, 0 MiB
2026/09/02 19:59:25.667, 0, 100 %, 18867 MiB
2026/09/02 19:59:25.667, 1, 0 %, 0 MiB
2026/09/02 19:59:30.667, 0, 100 %, 18867 MiB
2026/09/02 19:59:30.667, 1, 0 %, 0 MiB
2026/09/02 19:59:35.668, 0, 100 %, 18867 MiB
2026/09/02 19:59:35.668, 1, 0 %, 0 MiB
2026/09/02 19:59:40.668, 0, 100 %, 18867 MiB
2026/09/02 19:59:40.668, 1, 0 %, 0 MiB
2026/09/02 19:59:45.669, 0, 100 %, 18867 MiB
2026/09/02 19:59:45.669, 1, 0 %, 0 MiB
2026/09/02 19:59:50.670, 0, 100 %, 18867 MiB
2026/09/02 19:59:50.670, 1, 0 %, 0 MiB
2026/09/02 19:59:55.670, 0, 100 %, 18867 MiB
2026/09/02 19:59:55.670, 1, 0 %, 0 MiB
2026/09/02 20:00:00.671, 0, 100 %, 18867 MiB
2026/09/02 20:00:00.671, 1, 0 %, 0 MiB
2026/09/02 20:00:05.671, 0, 100 %, 18867 MiB
2026/09/02 20:00:05.672, 1, 0 %, 0 MiB
2026/09/02 20:00:10.672, 0, 100 %, 18867 MiB
2026/09/02 20:00:10.672, 1, 0 %, 0 MiB
2026/09/02 20:00:15.673, 0, 100 %, 18867 MiB
2026/09/02 20:00:15.673, 1, 0 %, 0 MiB
2026/09/02 20:00:20.673, 0, 100 %, 18867 MiB
2026/09/02 20:00:20.673, 1, 0 %, 0 MiB
2026/09/02 20:00:25.674, 0, 0 %, 18867 MiB
2026/09/02 20:00:25.674, 1, 0 %, 0 MiB
2026/09/02 20:00:30.675, 0, 0 %, 18867 MiB
2026/09/02 20:00:30.675, 1, 0 %, 0 MiB
2026/09/02 20:00:35.675, 0, 0 %, 18867 MiB
2026/09/02 20:00:35.675, 1, 0 %, 0 MiB
2026/09/02 20:00:40.676, 0, 100 %, 18867 MiB
2026/09/02 20:00:40.676, 1, 0 %, 0 MiB
2026/09/02 20:00:45.677, 0, 100 %, 18867 MiB
2026/09/02 20:00:45.677, 1, 0 %, 0 MiB
2026/09/02 20:00:50.677, 0, 100 %, 18867 MiB
2026/09/02 20:00:50.677, 1, 0 %, 0 MiB
2026/09/02 20:00:55.678, 0, 100 %, 18867 MiB
2026/09/02 20:00:55.678, 1, 0 %, 0 MiB
2026/09/02 20:01:00.679, 0, 100 %, 18867 MiB
2026/09/02 20:01:00.679, 1, 0 %, 0 MiB
2026/09/02 20:01:05.679, 0, 100 %, 18867 MiB
2026/09/02 20:01:05.679, 1, 0 %, 0 MiB
2026/09/02 20:01:10.680, 0, 100 %, 18867 MiB
2026/09/02 20:01:10.680, 1, 0 %, 0 MiB
2026/09/02 20:01:15.680, 0, 100 %, 18867 MiB
2026/09/02 20:01:15.680, 1, 0 %, 0 MiB
2026/09/02 20:01:20.681, 0, 100 %, 18867 MiB
2026/09/02 20:01:20.681, 1, 0 %, 0 MiB
2026/09/02 20:01:25.682, 0, 100 %, 18867 MiB
2026/09/02 20:01:25.682, 1, 0 %, 0 MiB
2026/09/02 20:01:30.682, 0, 100 %, 18867 MiB
2026/09/02 20:01:30.682, 1, 0 %, 0 MiB
2026/09/02 20:01:35.683, 0, 100 %, 18867 MiB
2026/09/02 20:01:35.683, 1, 0 %, 0 MiB
2026/09/02 20:01:40.683, 0, 100 %, 18867 MiB
2026/09/02 20:01:40.683, 1, 0 %, 0 MiB
2026/09/02 20:01:45.684, 0, 100 %, 18867 MiB
2026/09/02 20:01:45.684, 1, 0 %, 0 MiB
2026/09/02 20:01:50.684, 0, 100 %, 18867 MiB
2026/09/02 20:01:50.685, 1, 0 %, 0 MiB
2026/09/02 20:01:55.685, 0, 100 %, 18867 MiB
2026/09/02 20:01:55.685, 1, 0 %, 0 MiB
2026/09/02 20:02:00.686, 0, 100 %, 18867 MiB
2026/09/02 20:02:00.686, 1, 0 %, 0 MiB
2026/09/02 20:02:05.686, 0, 100 %, 18867 MiB
2026/09/02 20:02:05.687, 1, 0 %, 0 MiB
2026/09/02 20:02:10.687, 0, 100 %, 18867 MiB
2026/09/02 20:02:10.687, 1, 0 %, 0 MiB
2026/09/02 20:02:15.688, 0, 100 %, 18867 MiB
2026/09/02 20:02:15.688, 1, 0 %, 0 MiB
2026/09/02 20:02:20.688, 0, 100 %, 18867 MiB
2026/09/02 20:02:20.688, 1, 0 %, 0 MiB
2026/09/02 20:02:25.689, 0, 0 %, 18867 MiB
2026/09/02 20:02:25.689, 1, 0 %, 0 MiB
2026/09/02 20:02:30.690, 0, 100 %, 18867 MiB
2026/09/02 20:02:30.690, 1, 0 %, 0 MiB
2026/09/02 20:02:35.690, 0, 100 %, 18867 MiB
2026/09/02 20:02:35.690, 1, 0 %, 0 MiB
2026/09/02 20:02:40.691, 0, 100 %, 18867 MiB
2026/09/02 20:02:40.691, 1, 0 %, 0 MiB
2026/09/02 20:02:45.691, 0, 100 %, 18867 MiB
2026/09/02 20:02:45.691, 1, 0 %, 0 MiB
2026/09/02 20:02:50.692, 0, 100 %, 18867 MiB
2026/09/02 20:02:50.692, 1, 0 %, 0 MiB
2026/09/02 20:02:55.692, 0, 100 %, 18867 MiB
2026/09/02 20:02:55.693, 1, 0 %, 0 MiB
2026/09/02 20:03:00.693, 0, 100 %, 18867 MiB
2026/09/02 20:03:00.693, 1, 0 %, 0 MiB
2026/09/02 20:03:05.694, 0, 100 %, 18867 MiB
2026/09/02 20:03:05.696, 1, 0 %, 0 MiB
2026/09/02 20:03:10.698, 0, 100 %, 18867 MiB
2026/09/02 20:03:10.698, 1, 0 %, 0 MiB
2026/09/02 20:03:15.698, 0, 100 %, 18867 MiB
2026/09/02 20:03:15.699, 1, 0 %, 0 MiB
2026/09/02 20:03:20.699, 0, 100 %, 18867 MiB
2026/09/02 20:03:20.699, 1, 0 %, 0 MiB
2026/09/02 20:03:25.700, 0, 100 %, 18867 MiB
2026/09/02 20:03:25.700, 1, 0 %, 0 MiB
2026/09/02 20:03:30.700, 0, 100 %, 18867 MiB
2026/09/02 20:03:30.700, 1, 0 %, 0 MiB
2026/09/02 20:03:35.701, 0, 100 %, 18867 MiB
2026/09/02 20:03:35.701, 1, 0 %, 0 MiB
2026/09/02 20:03:40.702, 0, 100 %, 18867 MiB
2026/09/02 20:03:40.702, 1, 0 %, 0 MiB
2026/09/02 20:03:45.702, 0, 100 %, 18867 MiB
2026/09/02 20:03:45.703, 1, 0 %, 0 MiB
2026/09/02 20:03:50.703, 0, 100 %, 18867 MiB
2026/09/02 20:03:50.703, 1, 0 %, 0 MiB
2026/09/02 20:03:55.704, 0, 100 %, 18867 MiB
2026/09/02 20:03:55.704, 1, 0 %, 0 MiB
2026/09/02 20:04:00.704, 0, 0 %, 18867 MiB
2026/09/02 20:04:00.704, 1, 0 %, 0 MiB
2026/09/02 20:04:05.705, 0, 0 %, 18867 MiB
2026/09/02 20:04:05.705, 1, 0 %, 0 MiB
2026/09/02 20:04:10.705, 0, 0 %, 18867 MiB
2026/09/02 20:04:10.706, 1, 0 %, 0 MiB
2026/09/02 20:04:15.706, 0, 0 %, 18867 MiB
2026/09/02 20:04:15.706, 1, 0 %, 0 MiB
2026/09/02 20:04:20.707, 0, 0 %, 18867 MiB
2026/09/02 20:04:20.707, 1, 0 %, 0 MiB
2026/09/02 20:04:25.708, 0, 0 %, 18867 MiB
2026/09/02 20:04:25.708, 1, 0 %, 0 MiB
2026/09/02 20:04:30.708, 0, 0 %, 18867 MiB
2026/09/02 20:04:30.708, 1, 0 %, 0 MiB
2026/09/02 20:04:35.709, 0, 0 %, 18867 MiB
2026/09/02 20:04:35.709, 1, 0 %, 0 MiB
2026/09/02 20:04:40.709, 0, 0 %, 18867 MiB
2026/09/02 20:04:40.710, 1, 0 %, 0 MiB
2026/09/02 20:04:45.710, 0, 0 %, 18867 MiB
2026/09/02 20:04:45.710, 1, 0 %, 0 MiB
2026/09/02 20:04:50.711, 0, 0 %, 18867 MiB
2026/09/02 20:04:50.711, 1, 0 %, 0 MiB
2026/09/02 20:04:55.711, 0, 0 %, 18867 MiB
2026/09/02 20:04:55.711, 1, 0 %, 0 MiB
2026/09/02 20:05:00.712, 0, 0 %, 18867 MiB
2026/09/02 20:05:00.712, 1, 0 %, 0 MiB
2026/09/02 20:05:05.712, 0, 0 %, 18867 MiB
2026/09/02 20:05:05.713, 1, 0 %, 0 MiB
2026/09/02 20:05:10.713, 0, 0 %, 18867 MiB
2026/09/02 20:05:10.713, 1, 0 %, 0 MiB
2026/09/02 20:05:15.714, 0, 0 %, 18867 MiB
2026/09/02 20:05:15.714, 1, 0 %, 0 MiB
2026/09/02 20:05:20.714, 0, 0 %, 18867 MiB
2026/09/02 20:05:20.715, 1, 0 %, 0 MiB
2026/09/02 20:05:25.715, 0, 0 %, 18867 MiB
2026/09/02 20:05:25.715, 1, 0 %, 0 MiB
2026/09/02 20:05:30.715, 0, 0 %, 18867 MiB
2026/09/02 20:05:30.716, 1, 0 %, 0 MiB
2026/09/02 20:05:35.716, 0, 0 %, 18867 MiB
2026/09/02 20:05:35.716, 1, 0 %, 0 MiB
2026/09/02 20:05:40.717, 0, 0 %, 18867 MiB
2026/09/02 20:05:40.717, 1, 0 %, 0 MiB
2026/09/02 20:05:45.717, 0, 0 %, 18867 MiB
2026/09/02 20:05:45.718, 1, 0 %, 0 MiB
2026/09/02 20:05:50.718, 0, 0 %, 18867 MiB
2026/09/02 20:05:50.718, 1, 0 %, 0 MiB
2026/09/02 20:05:55.719, 0, 0 %, 18867 MiB
2026/09/02 20:05:55.719, 1, 0 %, 0 MiB
2026/09/02 20:06:00.719, 0, 0 %, 18867 MiB
2026/09/02 20:06:00.719, 1, 0 %, 0 MiB
2026/09/02 20:06:05.720, 0, 0 %, 18867 MiB
2026/09/02 20:06:05.720, 1, 0 %, 0 MiB
2026/09/02 20:06:10.721, 0, 0 %, 18867 MiB
2026/09/02 20:06:10.721, 1, 0 %, 0 MiB
2026/09/02 20:06:15.722, 0, 0 %, 18867 MiB
2026/09/02 20:06:15.722, 1, 0 %, 0 MiB
2026/09/02 20:06:20.722, 0, 0 %, 18867 MiB
2026/09/02 20:06:20.722, 1, 0 %, 0 MiB
2026/09/02 20:06:25.723, 0, 0 %, 18867 MiB
2026/09/02 20:06:25.723, 1, 0 %, 0 MiB
2026/09/02 20:06:30.724, 0, 0 %, 18867 MiB
2026/09/02 20:06:30.724, 1, 0 %, 0 MiB
2026/09/02 20:06:35.724, 0, 0 %, 18867 MiB
2026/09/02 20:06:35.725, 1, 0 %, 0 MiB
2026/09/02 20:06:40.725, 0, 0 %, 18867 MiB
2026/09/02 20:06:40.725, 1, 0 %, 0 MiB
2026/09/02 20:06:45.725, 0, 0 %, 18867 MiB
2026/09/02 20:06:45.726, 1, 0 %, 0 MiB
2026/09/02 20:06:50.726, 0, 0 %, 18867 MiB
2026/09/02 20:06:50.726, 1, 0 %, 0 MiB
2026/09/02 20:06:55.727, 0, 0 %, 18867 MiB
2026/09/02 20:06:55.727, 1, 0 %, 0 MiB
2026/09/02 20:07:00.727, 0, 0 %, 18867 MiB
2026/09/02 20:07:00.727, 1, 0 %, 0 MiB
2026/09/02 20:07:05.728, 0, 0 %, 18867 MiB
2026/09/02 20:07:05.728, 1, 0 %, 0 MiB
2026/09/02 20:07:10.728, 0, 0 %, 18867 MiB
2026/09/02 20:07:10.729, 1, 0 %, 0 MiB
2026/09/02 20:07:15.729, 0, 0 %, 18867 MiB
2026/09/02 20:07:15.729, 1, 0 %, 0 MiB
2026/09/02 20:07:20.730, 0, 0 %, 18867 MiB
2026/09/02 20:07:20.730, 1, 0 %, 0 MiB
2026/09/02 20:07:25.731, 0, 0 %, 18867 MiB
2026/09/02 20:07:25.731, 1, 0 %, 0 MiB
2026/09/02 20:07:30.731, 0, 0 %, 18867 MiB
2026/09/02 20:07:30.731, 1, 0 %, 0 MiB
