claim_id,qkey,value,unit,category,stance,file,line,quoted_context
R2-001,run_opus_itemsets,26.8M,itemsets in godmode parquet,deterministic,asserts-own,F1,7,`archived/alphafold/results_214m/itemsets_214m_godmode.parquet` (26.8M itemsets)
R2-002,run_opus_min_count,8,"min_count, godmode/main run (paper)",method-parameter,quotes-paper,F1,"18, 42, 191, 195, 196, 304, 308",Godmode (main result): min_count=8 … The godmode run used min_count=8 as claimed.
R2-003,dataset_multi_feature,"76,890,945",n_transactions (log / JSON),deterministic,asserts-own,F1,"22, 30, 38, 57, 61, 88, 130, 288, 317","n_transactions | 76,890,945 | godmode log line 2"
R2-004,run_opus_min_count,8,min_count (godmode log),method-parameter,asserts-own,F1,23,min_count | 8 | godmode log line 2
R2-005,run_opus_support,1.04e-07 (~0.00001%),"min_support (8 / 76,890,945)",method-parameter,asserts-own,F1,"24, 87","min_support | 1.04e-07 (~0.00001%) | 8 / 76,890,945"
R2-006,run_power_min_count,768,"min_count, direct-vs-SON experiment (JSON)",method-parameter,asserts-own,F1,"26, 31, 42",Direct vs SON experiment: min_count=768
R2-007,run_power_support,1e-05 (0.001%),"min_support, direct-vs-SON & null (JSON)",method-parameter,asserts-own,F1,"32, 40, 131",min_support | 1e-05 (0.001%) | JSON `parameters.min_support`
R2-008,null_min_count,769,"min_count, null model (JSON)",method-parameter,asserts-own,F1,"34, 39, 42, 194",Null model: min_count=769
R2-009,null_vs_opus_min_count_ratio,96×,threshold ratio null/godmode,deterministic,asserts-own,F1,44,operate at a 96x stricter threshold than the godmode run
R2-010,dataset_multi_feature,76.9M,multi-feature proteins (paper),deterministic,quotes-paper,F1,"50, 288","Claim: 76.9M multi-feature proteins (after dedup), from 205.6M total."
R2-011,dataset_plddt_pass,205.6M,total proteins (paper),deterministic,quotes-paper,F1,50,"Claim: 76.9M multi-feature proteins (after dedup), from 205.6M total."
R2-012,dataset_plddt_pass,"205,620,298",total proteins (paper),deterministic,quotes-paper,F1,"56, 61, 318","Total proteins | 205,620,298 | 205,620,298 | VERIFIED"
R2-013,dataset_plddt_pass,"205,620,298",total proteins (transactions parquet),deterministic,asserts-own,F1,56,"Total proteins | 205,620,298 | 205,620,298 | VERIFIED"
R2-014,dataset_multi_feature,"76,890,945",multi-feature (>1 item) proteins (paper),deterministic,quotes-paper,F1,"57, 61","Multi-feature (>1 item) | 76,890,945 | 76,890,945 | VERIFIED"
R2-015,dataset_multi_feature_pct,37.4%,multi-feature share (paper),deterministic,quotes-paper,F1,"58, 61",Percentage multi-feature | 37.4% | 37.39% | VERIFIED
R2-016,dataset_multi_feature_pct,37.39%,multi-feature share (parquet),deterministic,asserts-own,F1,"58, 73",37.39% have >1 feature (used in mining)
R2-017,dataset_single_feature,128.7M,single-feature proteins (paper),deterministic,quotes-paper,F1,59,"Single-feature | 128.7M (62.6%) | 128,729,353 (62.61%) | VERIFIED"
R2-018,dataset_single_feature_pct,62.6%,single-feature share (paper),deterministic,quotes-paper,F1,59,"Single-feature | 128.7M (62.6%) | 128,729,353 (62.61%) | VERIFIED"
R2-019,dataset_single_feature,"128,729,353",single-feature proteins (parquet),deterministic,asserts-own,F1,59,"Single-feature | 128.7M (62.6%) | 128,729,353 (62.61%) | VERIFIED"
R2-020,dataset_single_feature_pct,62.61%,single-feature share (parquet),deterministic,asserts-own,F1,"59, 72",62.61% of proteins have only 1 feature (excluded from mining)
R2-021,null_shuffle_dedup_pct,20.45%,"""dedup"" rate (PROJECT_STATE.md, not the paper)",deterministic,quotes-paper,F1,"67, 75, 289","Claim (PROJECT_STATE.md only): ""Dedup affected 20.45%"""
R2-022,null_shuffle_dedup_pct,~20.45%,proteins with duplicate items after null shuffle,deterministic,asserts-own,F1,69,"after shuffling items across proteins, ~20.45% of proteins have duplicate items that must be removed"
R2-023,run_opus_kmax,K=22,"max itemset depth, main run (paper)",deterministic,quotes-paper,F1,"79, 103, 189, 217, 290",K=22 Validation … the Opus K-distribution (K_max=22)
R2-024,kdist_opus_k22_count,1,itemsets at K=22 in godmode parquet,deterministic,asserts-own,F1,"85, 90, 111, 290, 323",K=22 itemsets in godmode parquet | **Exactly 1**
R2-025,k22_item_ids,"[1, 13, 23, 507, 509, 510, 513, 519, 529, 533, 569, 632, 651, 677, 766, 784, 795, 850, 887, 917, 965, 966]",item IDs of the K=22 itemset (22 IDs),deterministic,asserts-own,F1,86,"Items in the itemset | 22 IDs: [1, 13, 23, 507, 509, 510, 513, …]"
R2-026,k22_support_frac,1.04e-07,support of the K=22 itemset,deterministic,asserts-own,F1,87,Support value | 1.04e-07
R2-027,k22_support,8,proteins supporting the K=22 itemset,deterministic,asserts-own,F1,"88, 90, 290, 323","Estimated protein count | support * 76,890,945 = **8 proteins**"
R2-028,k22_n_plddt,1 (plddt_mean_med),pLDDT features in K=22 itemset,deterministic,asserts-own,F1,96,pLDDT | 1 | plddt_mean_med
R2-029,k22_n_pfam,"2 (PF00270, PF00271)",Pfam features in K=22 itemset,deterministic,asserts-own,F1,97,"Pfam | 2 | PF00270 (DEAD/DEAH N-term), PF00271 (Helicase C-term)"
R2-030,k22_n_go_mf,"8 (GO:0005524, GO:0016787, GO:0000287, GO:0003697, GO:0003724, GO:0003725, GO:0003678, GO:0000978)",GO MF features in K=22 itemset,deterministic,asserts-own,F1,98,"GO (MF) | 8 | GO:0005524, GO:0016787, GO:0000287, …"
R2-031,k22_n_go_bp,"4 (GO:0030154, GO:0045087, GO:0051607, GO:0034605)",GO BP features in K=22 itemset,deterministic,asserts-own,F1,99,"GO (BP) | 4 | GO:0030154, GO:0045087, GO:0051607, GO:0034605"
R2-032,k22_n_go_cc,"7 (GO:0005737, GO:0005829, GO:0005634, GO:0005739, GO:0030424, GO:0030425, GO:0016607)",GO CC features in K=22 itemset,deterministic,asserts-own,F1,100,"GO (CC) | 7 | GO:0005737, GO:0005829, GO:0005634, …"
R2-033,k22_n_features,22,decoded features total (= paper Table 5),deterministic,asserts-own,F1,"101, 103",Feature decode matches Table 5 in the paper exactly. All 22 features confirmed.
R2-034,kdist_opus_k1_count,"1,002",frequent K=1 items (parquet = log),deterministic,asserts-own,F1,"109, 156, 272, 293","1 | 1,002 | 1,002 | Yes"
R2-035,kdist_opus_k9_count,"3,529,257",K=9 itemsets (parquet = log),deterministic,asserts-own,F1,110,"9 | 3,529,257 | 3,529,257 | Yes"
R2-036,run_opus_itemsets,"26,849,505",total itemsets (parquet = log),deterministic,asserts-own,F1,"112, 114, 316","Parquet row count matches log exactly: 26,849,505 itemsets."
R2-037,run_power_direct_itemsets,"475,865",Direct GPU itemsets @0.001%,deterministic,asserts-own,F1,"124, 134","Direct GPU | 475,865 | 50.72s | 14"
R2-038,run_power_direct_time_s,50.72 s,Direct GPU time (JSON),hardware-dependent,asserts-own,F1,"124, 211","Direct GPU | 475,865 | 50.72s | 14"
R2-039,run_power_direct_kmax,14,Direct GPU max K @0.001%,deterministic,asserts-own,F1,"124, 198","Direct GPU | 475,865 | 50.72s | 14 … real extends to K=14 vs null K=6"
R2-040,run_power_son_itemsets,"22,846",SON itemsets @0.001%,deterministic,asserts-own,F1,"125, 134","SON | 22,846 | 1085.6s | 13"
R2-041,run_power_son_time_s,1085.6 s,SON time (JSON),hardware-dependent,asserts-own,F1,"125, 127, 210","SON | 22,846 | 1085.6s | 13"
R2-042,run_power_kmax,13,SON max K,deterministic,asserts-own,F1,125,"SON | 22,846 | 1085.6s | 13"
R2-043,son_speedup,21.4×,speedup 1085.6 / 50.72,hardware-dependent,asserts-own,F1,"127, 136, 291, 319",**Speedup:** 1085.6 / 50.72 = **21.4x**
R2-044,son_speedup,21×,speedup as rounded in paper caption,hardware-dependent,quotes-paper,F1,127,"paper rounds to ""21x"" in caption text, reports ""21.4x"" in controlled comparison"
R2-045,hw_gpu_model,H100,GPU model for both direct and SON runs,hardware-dependent,asserts-own,F1,132,Same GPU: yes (both run on H100) -- **SAME**
R2-046,son_missed_itemsets,"453,019",itemsets missed by SON,deterministic,asserts-own,F1,134,"**SON itemset loss:** 475,865 - 22,846 = 453,019 (95.2% lost)"
R2-047,son_miss_rate_pct,95.2%,SON miss rate,deterministic,asserts-own,F1,134,"453,019 (95.2% lost) -- **VERIFIED**, matches JSON `comparison.itemset_diff`"
R2-048,null_kmax,6,"null max K, each of 5 runs (JSON)",deterministic,asserts-own,F1,"146–150, 194",1 | 6 | 20 … 5 | 6 | 22
R2-049,null_perm1_k6_count,20,"null run 1, K=6 itemset count",deterministic,asserts-own,F1,146,1 | 6 | 20
R2-050,null_perm2_k6_count,22,"null run 2, K=6 count",deterministic,asserts-own,F1,147,2 | 6 | 22
R2-051,null_perm3_k6_count,23,"null run 3, K=6 count",deterministic,asserts-own,F1,148,3 | 6 | 23
R2-052,null_perm4_k6_count,22,"null run 4, K=6 count",deterministic,asserts-own,F1,149,4 | 6 | 22
R2-053,null_perm5_k6_count,22,"null run 5, K=6 count",deterministic,asserts-own,F1,150,5 | 6 | 22
R2-054,null_permutations,5,permutations in the null model,method-parameter,quotes-paper,F1,"152, 156, 160, 173, 177, 179, 181, 183, 209, 292, 294",Max K = 6 across all 5 permutations. Paper claim matches exactly.
R2-055,null_kmax,6,null max K (paper claim),deterministic,quotes-paper,F1,"152, 292",Max K = 6 across all 5 permutations. Paper claim matches exactly.
R2-056,null_k1_mean,"1,002",K=1 count in every null run (marginals preserved),deterministic,asserts-own,F1,"156, 293","All 5 null runs produce K=1 = 1,002 (identical to real data)."
R2-057,null_kge7_mean,0,"null itemsets at K>=7, all 5 runs (JSON)",deterministic,asserts-own,F1,160,All 5 runs: 0 itemsets at K>=7.
R2-058,null_kge7_mean,0 at K>=7,"paper claim ""no permutation produced any pattern at K>=7""",deterministic,quotes-paper,F1,160,"Paper claim ""no permutation produced any pattern at K>=7"" is correct."
R2-059,null_k2_bio,"22,019",K=2 biological itemsets (paper),deterministic,quotes-paper,F1,166,"2 | 22,019 | 22,019 | 63,702 | 63,702.4 | -987 | -987.08"
R2-060,null_k2_bio,"22,019",K=2 biological itemsets (JSON),deterministic,asserts-own,F1,166,"2 | 22,019 | 22,019 | 63,702 | 63,702.4 | -987 | -987.08"
R2-061,null_k2_mean,"63,702",K=2 null μ (paper),deterministic,quotes-paper,F1,166,"2 | 22,019 | 22,019 | 63,702 | 63,702.4 | -987 | -987.08"
R2-062,null_k2_mean,"63,702.4",K=2 null μ (JSON),deterministic,asserts-own,F1,166,"2 | 22,019 | 22,019 | 63,702 | 63,702.4 | -987 | -987.08"
R2-063,null_k2_z,−987,K=2 Z (paper),deterministic,quotes-paper,F1,166,"2 | 22,019 | 22,019 | 63,702 | 63,702.4 | -987 | -987.08"
R2-064,null_k2_z,−987.08,K=2 Z (JSON),deterministic,asserts-own,F1,166,"2 | 22,019 | 22,019 | 63,702 | 63,702.4 | -987 | -987.08"
R2-065,null_k4_bio,"108,059",K=4 bio (paper),deterministic,quotes-paper,F1,167,"4 | 108,059 | 108,059 | 25,468 | 25,467.8 | +3,791 | 3790.74"
R2-066,null_k4_bio,"108,059",K=4 bio (JSON),deterministic,asserts-own,F1,167,"4 | 108,059 | 108,059 | 25,468 | 25,467.8 | +3,791 | 3790.74"
R2-067,null_k4_mean,"25,468",K=4 null μ (paper),deterministic,quotes-paper,F1,167,"4 | 108,059 | 108,059 | 25,468 | 25,467.8 | +3,791 | 3790.74"
R2-068,null_k4_mean,"25,467.8",K=4 null μ (JSON),deterministic,asserts-own,F1,167,"4 | 108,059 | 108,059 | 25,468 | 25,467.8 | +3,791 | 3790.74"
R2-069,null_k4_z,"+3,791",K=4 Z (paper),deterministic,quotes-paper,F1,167,"4 | 108,059 | 108,059 | 25,468 | 25,467.8 | +3,791 | 3790.74"
R2-070,null_k4_z,3790.74,K=4 Z (JSON),deterministic,asserts-own,F1,167,"4 | 108,059 | 108,059 | 25,468 | 25,467.8 | +3,791 | 3790.74"
R2-071,null_k6_bio,"78,596",K=6 bio (paper),deterministic,quotes-paper,F1,168,"6 | 78,596 | 78,596 | 22 | 21.8 | +71,728 | 71728.1"
R2-072,null_k6_bio,"78,596",K=6 bio (JSON),deterministic,asserts-own,F1,168,"6 | 78,596 | 78,596 | 22 | 21.8 | +71,728 | 71728.1"
R2-073,null_k6_mean,22,K=6 null μ (paper),deterministic,quotes-paper,F1,168,"6 | 78,596 | 78,596 | 22 | 21.8 | +71,728 | 71728.1"
R2-074,null_k6_mean,21.8,K=6 null μ (JSON),deterministic,asserts-own,F1,168,"6 | 78,596 | 78,596 | 22 | 21.8 | +71,728 | 71728.1"
R2-075,null_k6_z,"+71,728",K=6 Z (paper),deterministic,quotes-paper,F1,168,"6 | 78,596 | 78,596 | 22 | 21.8 | +71,728 | 71728.1"
R2-076,null_k6_z,71728.1,K=6 Z (JSON),deterministic,asserts-own,F1,168,"6 | 78,596 | 78,596 | 22 | 21.8 | +71,728 | 71728.1"
R2-077,null_kge7_bio,"88,745",K=7–14 bio (paper),deterministic,quotes-paper,F1,"169, 322","7-14 | 88,745 | 88,745 | 0 | 0 | inf | inf"
R2-078,null_kge7_bio,"88,745",K=7–14 bio (JSON),deterministic,asserts-own,F1,169,"7-14 | 88,745 | 88,745 | 0 | 0 | inf | inf"
R2-079,null_kge7_mean,0,K=7–14 null μ (paper),deterministic,quotes-paper,F1,169,"7-14 | 88,745 | 88,745 | 0 | 0 | inf | inf"
R2-080,null_kge7_mean,0,K=7–14 null μ (JSON),deterministic,asserts-own,F1,169,"7-14 | 88,745 | 88,745 | 0 | 0 | inf | inf"
R2-081,null_kge7_z,inf,K=7–14 Z (paper),deterministic,quotes-paper,F1,"169, 179","7-14 | 88,745 | 88,745 | 0 | 0 | inf | inf"
R2-082,null_kge7_z,inf,K=7–14 Z (JSON),deterministic,asserts-own,F1,169,"7-14 | 88,745 | 88,745 | 0 | 0 | inf | inf"
R2-083,null_cv_max_k2to6_pct,< 5%,"CV of null counts across runs, K=2..6",deterministic,asserts-own,F1,177,The null model is remarkably stable across runs (CV < 5% for all K levels).
R2-084,null_perms_reaching_kge7,0 events in 5 trials,null K>=7 events,deterministic,asserts-own,F1,179,"With 0 events in 5 trials, the Clopper-Pearson 95% upper confidence bound on P(K>=7 | null)"
R2-085,null_p_bound_kge7,0.451 (45.1%),Clopper-Pearson 95% upper bound on P(K>=7 given null),deterministic,asserts-own,F1,"179, 294",upper confidence bound on P(K>=7 | null) is **0.451** (45.1%)
R2-086,null_p_bound_kge7,45%,share of null runs not excludable from producing K>=7,deterministic,asserts-own,F1,179,we CANNOT statistically rule out that up to 45% of null runs might produce K>=7 patterns
R2-087,null_p_bound_kge7,p=0,p-value for K>=7 (paper),deterministic,disputes,F1,179,The Z=infinity and p=0 claims for K>=7 are mathematical artifacts (division by zero in standard deviation)
R2-088,null_perms_for_p001,100,permutations needed (minimum),method-parameter,requests,F1,"181, 310",At least 100 permutations (upper bound: 0.030)
R2-089,null_p_bound_kge7_100perms,0.030,upper bound on P(K>=7 given null) with 100 permutations,deterministic,asserts-own,F1,181,At least 100 permutations (upper bound: 0.030)
R2-090,null_perms_ideal,1000,permutations (ideal),method-parameter,requests,F1,181,ideally 1000 permutations (upper bound: 0.003)
R2-091,null_p_bound_kge7_1000perms,0.003,upper bound with 1000 permutations,deterministic,asserts-own,F1,181,ideally 1000 permutations (upper bound: 0.003)
R2-092,null_k6_range,20–23,K=6 null count range over 5 runs,deterministic,asserts-own,F1,183,"The extreme stability across the 5 runs (K=6 count: 20-23, near-zero variance)"
R2-093,null_min_count,769 vs 8,min_count null vs main (paper line 396 quote),method-parameter,quotes-paper,F1,"189, 304",run at a higher threshold than the main analysis (min_count=769 vs. 8) for computational efficiency
R2-094,null_support_pct,0.001%,null-model support,method-parameter,asserts-own,F1,"194, 198, 200, 304, 322",Null model at 0.001% (min_count=769): max K=6
R2-095,run_opus_support_pct,0.00001%,main-run support,method-parameter,asserts-own,F1,"195, 198, 308",Real data at 0.00001% (min_count=8): max K=22
R2-096,run_opus_kmax,22,max K of real data at min_count=8,deterministic,asserts-own,F1,"195, 198",Real data at 0.00001% (min_count=8): max K=22
R2-097,null_minc8_kmax,"UNKNOWN (could be K=7, 8, or higher)",null max K if run at min_count=8,deterministic,disputes,F1,196,"If null model were run at 0.00001% (min_count=8): max K = **UNKNOWN** (could be K=7, 8, or higher)"
R2-098,null_uncovered_k_range,K=15–22,depth range not covered by any null test,deterministic,disputes,F1,"198, 304, 308",It does NOT validate the additional K=15 through K=22 patterns found at the lower threshold.
R2-099,null_kmax,K>=7,depth from which patterns are biological at 0.001%,deterministic,asserts-own,F1,200,The core finding (K>=7 is biological at 0.001%) is likely sound.
R2-100,run_opus_time_min,7.3 min,godmode run time (paper),hardware-dependent,quotes-paper,F1,"208, 296, 320","Godmode: 7.3 min | Log: ""440.5s"" | 440.5 / 60 = 7.34 min -- **VERIFIED**"
R2-101,run_opus_time_s,440.5 s,godmode run time (log),hardware-dependent,asserts-own,F1,"208, 296, 320","Godmode: 7.3 min | Log: ""440.5s"""
R2-102,run_opus_time_min,7.34 min,440.5 / 60,hardware-dependent,asserts-own,F1,208,440.5 / 60 = 7.34 min -- **VERIFIED**
R2-103,null_total_time_s,662 s,null model total time (paper),hardware-dependent,quotes-paper,F1,"209, 321",Null total: 662s | JSON: 662.17s
R2-104,null_total_time_s,662.17 s,"null total time (JSON, sum of 5 runs)",hardware-dependent,asserts-own,F1,209,Sum of 5 runs: 99.22+135.62+141.97+143.06+142.30 = 662.17s
R2-105,null_perm1_time_s,99.22 s,null run 1 time,hardware-dependent,asserts-own,F1,209,Sum of 5 runs: 99.22+135.62+141.97+143.06+142.30 = 662.17s
R2-106,null_perm2_time_s,135.62 s,null run 2 time,hardware-dependent,asserts-own,F1,209,Sum of 5 runs: 99.22+135.62+141.97+143.06+142.30 = 662.17s
R2-107,null_perm3_time_s,141.97 s,null run 3 time,hardware-dependent,asserts-own,F1,209,Sum of 5 runs: 99.22+135.62+141.97+143.06+142.30 = 662.17s
R2-108,null_perm4_time_s,143.06 s,null run 4 time,hardware-dependent,asserts-own,F1,209,Sum of 5 runs: 99.22+135.62+141.97+143.06+142.30 = 662.17s
R2-109,null_perm5_time_s,142.30 s,null run 5 time,hardware-dependent,asserts-own,F1,209,Sum of 5 runs: 99.22+135.62+141.97+143.06+142.30 = 662.17s
R2-110,run_power_time_min,18.1 min,SON time (paper),hardware-dependent,quotes-paper,F1,210,SON: 18.1 min | JSON: 1085.6s | 1085.6 / 60 = 18.09 min -- **VERIFIED**
R2-111,run_power_time_min,18.09 min,1085.6 / 60,hardware-dependent,asserts-own,F1,210,1085.6 / 60 = 18.09 min -- **VERIFIED**
R2-112,run_power_direct_time_s,50.7 s,Direct GPU time (paper),hardware-dependent,quotes-paper,F1,211,Direct GPU: 50.7s | JSON: 50.72s | **VERIFIED**
R2-113,ext_interpro2go_pf00270_go_terms,"2 GO terms (GO:0003676, GO:0005524)",InterPro2GO mapping of IPR011545 (PF00270),external-fact,asserts-own,F1,222–224,**IPR011545** (integrates PF00270 DEAD/DEAH helicase) maps to: GO:0003676 … **GO:0005524 (ATP binding)**
R2-114,ext_interpro2go_pf00271_go_terms,0 GO terms,InterPro2GO mapping of IPR001650 (PF00271),external-fact,asserts-own,F1,225–226,**IPR001650** (integrates PF00271 Helicase C-terminal) maps to: No GO terms
R2-115,k22_definitional_links,1 of 19,GO terms in K=22 confirmed auto-derived (GO:0005524),deterministic,asserts-own,F1,"228, 249, 297","Only **1 of 19 GO terms** (GO:0005524, ATP binding) is confirmed auto-derived from Pfam via InterPro2GO."
R2-116,k22_n_go,19,GO terms in the K=22 itemset,deterministic,asserts-own,F1,"228, 237, 241, 249, 297",we cannot determine how many of the 19 GO terms are experimentally validated
R2-117,k22_go_parent_child_pairs,0,parent-child GO pairs in the K=22 set,deterministic,asserts-own,F1,"243, 250",**No parent-child pairs exist in the K=22 set.**
R2-118,k22_independent_features,22,independent K after GO-hierarchy check (PROJECT_STATE.md),deterministic,quotes-paper,F1,243,"PROJECT_STATE.md: ""GO hierarchy: 0 parent-child pairs -> Independent K = 22"""
R2-119,k22_independent_features,22 → 21,effective independent feature count,deterministic,asserts-own,F1,254,This reduces the effective independent feature count from 22 to 21.
R2-120,vocab_pfam_frequent,247,Pfam domains (paper Table 1),deterministic,disputes,F1,"266, 279, 298, 302",Pfam domains | 247 | **500**
R2-121,vocab_pfam_frequent,500,Pfam domains (item_mapping parquet),deterministic,asserts-own,F1,"266, 275, 276, 279, 298, 302","Actually 500 Pfam + 500 GO + 2 pLDDT = 1,002"
R2-122,vocab_go_mf_frequent,302,GO MF terms (paper Table 1),deterministic,disputes,F1,267,GO terms (MF) | 302 | **cannot split**
R2-123,vocab_go_bp_frequent,289,GO BP terms (paper Table 1),deterministic,disputes,F1,268,GO terms (BP) | 289 | **cannot split**
R2-124,vocab_go_cc_frequent,161,GO CC terms (paper Table 1),deterministic,disputes,F1,269,GO terms (CC) | 161 | **cannot split**
R2-125,vocab_go_frequent,752,GO terms total (paper Table 1),deterministic,disputes,F1,"270, 279, 298, 302",GO terms (total) | 752 | **500**
R2-126,vocab_go_frequent,500,GO terms (item_mapping parquet),deterministic,asserts-own,F1,"270, 275, 276, 279, 298, 302",GO terms (total) | 752 | **500**
R2-127,vocab_plddt_frequent,3,pLDDT bins (paper Table 1),deterministic,disputes,F1,"271, 276, 277, 302",pLDDT bins | 3 | **2** (frequent)
R2-128,vocab_plddt_frequent,2,"pLDDT bins frequent at min_count=8 (plddt_mean_med, plddt_mean_high)",deterministic,asserts-own,F1,"271, 275, 277, 279, 298, 302",only 2 are frequent (plddt_mean_med and plddt_mean_high; plddt_mean_low has < 8 proteins)
R2-129,vocab_items_frequent,"1,002",total features (paper Table 1 = parquet),deterministic,quotes-paper,F1,"272, 274, 302","The total matches (1,002 frequent features), but the breakdown is wrong"
R2-130,vocab_items_defined,"1,006",entries in item_mapping_214m.parquet,deterministic,asserts-own,F1,276,"The item_mapping_214m.parquet contains 1,006 entries (500 pfam + 500 go_term + 6 plddt)"
R2-131,vocab_plddt_defined,6,plddt entries in item mapping,deterministic,asserts-own,F1,276,"1,006 entries (500 pfam + 500 go_term + 6 plddt)"
R2-132,vocab_items_infrequent,4,mapping entries not frequent at min_count=8,deterministic,asserts-own,F1,276,of which 4 are not frequent at min_count=8 (plddt_mean_low + 3 plddt_fraction items)
R2-133,vocab_plddt_fraction_bins,3,plddt_fraction items (not frequent),deterministic,asserts-own,F1,276,(plddt_mean_low + 3 plddt_fraction items)
R2-134,vocab_plddt_infrequent_support,< 8,proteins carrying plddt_mean_low,deterministic,asserts-own,F1,277,plddt_mean_low has < 8 proteins
R2-135,vocab_composition,500:500:2 (not 247:752:3),feature-type ratio,deterministic,asserts-own,F1,"279, 302","The actual ratio is 500:500:2, not 247:752:3."
R2-136,null_minc8_min_count,min_count=8 (0.00001%),requested null-model threshold,method-parameter,requests,F1,308,**Run null model at 0.00001% threshold (min_count=8)** to properly validate the K=22 result.
R2-137,k22_independent_features,21,independent feature count to be noted in paper,deterministic,requests,F1,312,"""GO:0005524 (ATP binding) is automatically mapped from PF00270 via InterPro2GO, reducing the independent feature count to 21."""
R2-138,vocab_v35k_items,35K,"features, expanded vocabulary (rounded)",deterministic,asserts-own,F2,"1, 14, 25, 54, 192, 210, 246, 251, 290, 312, 318, 322, 329, 336, 341, 355, 356, 363, 373, 377, 380, 413, 415, 422, 429, 437, 474, 534, 586, 600, 624, 639",LaTeX revision blocks for 35K-feature results
R2-139,run_v35k_support_pct,0.001%,support of the completed 35K run / controlled comparison,method-parameter,asserts-own,F2,"14, 23, 39, 54, 60, 336, 387, 555, 565, 567, 574, 637",35K MINING CAMPAIGN RESULTS (0.001% COMPLETE)
R2-140,vocab_items_frequent,"1,002","features, initial vocabulary",deterministic,quotes-paper,F2,"17, 100, 117, 127, 178, 264, 319, 470","after the existing Table 2 (1,002-feature campaign)"
R2-141,vocab_v35k_items,"35,012","features, expanded vocabulary",deterministic,asserts-own,F2,"21, 60, 99, 117, 127, 201, 215, 240, 264, 320, 388, 470, 628","Mining campaign results with the expanded 35,012-feature vocabulary"
R2-142,run_v35k_n_transactions,109.2 million,"proteins, expanded dataset",deterministic,asserts-own,F2,"22, 177, 185","across 109.2 million proteins on 4$\times$NVIDIA H200 143\,GB (row-split architecture)"
R2-143,hw_v35k_gpu_count,4,GPU count (H200) for 35K experiments,hardware-dependent,asserts-own,F2,"22, 186, 230, 239, 383, 438, 602, 616, 624, 651","on 4$\times$NVIDIA H200 143\,GB (row-split architecture)"
R2-144,hw_v35k_gpu_model,H200 (SXM5 at l.624),GPU model,hardware-dependent,asserts-own,F2,"22, 186, 220, 230, 383, 438, 602, 616, 624, 651","4$\times$NVIDIA H200 143\,GB … 4$\times$NVIDIA H200 SXM5 141\,GB GPUs"
R2-145,hw_v35k_gpu_vram_gb,143 GB,H200 VRAM,hardware-dependent,asserts-own,F2,"22, 187, 220, 641","This exceeds the 143\,GB VRAM of the NVIDIA H200"
R2-146,run_v35k_replicates,3,replicates of the 0.001% run,method-parameter,asserts-own,F2,"23, 61",The 0.001\% run reports mean $\pm$ std over 3 replicates [ACTUAL]
R2-147,run_v35k_wave3_support_pct,0.1%,Base run support,method-parameter,asserts-own,F2,"37, 47, 585, 600, 605, 654","Base & 0.1\% & 109,225 & \textbf{TBD} & ${\geq}10$ & \textbf{TBD}"
R2-148,run_v35k_wave3_min_count,"109,225",Base min proteins (min_count),method-parameter,asserts-own,F2,"37, 585, 605","Base & 0.1\% & 109,225 … The Base run (0.1\%, min\_count=109,225)"
R2-149,run_v35k_wave3_kmax,≥10,"Base max K (partial, run ongoing)",deterministic,asserts-own,F2,37,${\geq}10$\textsuperscript{$\ast$} … Base run (0.1\%) partial
R2-150,run_v35k_super_support_pct,0.01%,Super run support,method-parameter,asserts-own,F2,"38, 655","Super & 0.01\% & 10,923 & \textbf{TBD}"
R2-151,run_v35k_super_min_count,"10,923",Super min proteins,method-parameter,asserts-own,F2,38,"Super & 0.01\% & 10,923"
R2-152,run_v35k_itemsets,"606,292 ± 28","Power itemsets, mean ± std over 3 replicates",deterministic,asserts-own,F2,"39, 61, 637","Power & 0.001\% & 1,093 & 606,292 $\pm$ 28 & 17 & 654.3 $\pm$ 6.7"
R2-153,run_v35k_min_count,"1,093",Power min_count (0.001% of 109.2M),method-parameter,asserts-own,F2,"39, 320, 336, 340","Power & 0.001\% & 1,093 … min\_count$=$1,093 (0.001\% of 109M)"
R2-154,run_v35k_kmax,17,Power max K,deterministic,asserts-own,F2,"39, 320, 322, 356, 431, 643, 658","606,292 $\pm$ 28 & 17 & 654.3 $\pm$ 6.7 … $K{=}17$ (35,012 features, min\_count$=$1,093)"
R2-155,run_v35k_time_s,654.3 ± 6.7 s,"Power time, mean ± std",hardware-dependent,asserts-own,F2,39,"606,292 $\pm$ 28 & 17 & 654.3 $\pm$ 6.7 & Direct row-split"
R2-156,run_v35k_blitz_support_pct,0.0001%,Blitz run support,method-parameter,asserts-own,F2,"40, 566, 655",Blitz & 0.0001\% & 109 & \textbf{TBD}
R2-157,run_v35k_blitz_min_count,109,Blitz min proteins,method-parameter,asserts-own,F2,40,Blitz & 0.0001\% & 109
R2-158,run_v35k_ultra_support_pct,0.00002%,Ultra run support,method-parameter,asserts-own,F2,41,Ultra & 0.00002\% & 22 & \textbf{TBD}
R2-159,run_v35k_ultra_min_count,22,Ultra min proteins,method-parameter,asserts-own,F2,41,Ultra & 0.00002\% & 22
R2-160,run_v35k_opus_support_pct,0.00001%,Opus run support,method-parameter,asserts-own,F2,"42, 337",Opus & 0.00001\% & 11 & \textbf{TBD}
R2-161,run_v35k_opus_min_count,11,Opus min proteins (35K),method-parameter,asserts-own,F2,42,Opus & 0.00001\% & 11
R2-162,kdist_v35k_wave3_k9_count,"10,041,611",Base K=9 frequent itemsets (partial),deterministic,asserts-own,F2,"48, 596, 606, 610","$K{=}9$ reached 10,041,611 frequent itemsets and $K{=}10$ started with 12,491,079 locally frequent candidates before timeout"
R2-163,run_v35k_wave3_k10_candidates,"12,491,079","Base K=10 locally frequent candidates (started, not completed)",deterministic,asserts-own,F2,"49, 597, 607","$K{=}10$ started with 12,491,079 locally frequent candidates before timeout. Run is ongoing."
R2-164,kdist_v35k_peak_k,K=7,peak of the 35K 0.001% K-distribution,deterministic,asserts-own,F2,"61, 79, 362",Peak at $K{=}7$ (10.62\%).
R2-165,kdist_v35k_k7_pct,10.62%,share of itemsets at K=7,deterministic,asserts-own,F2,"61, 79",Peak at $K{=}7$ (10.62\%).
R2-166,run_v35k_replicate_variance_profile,deterministic at K≤3 and K≥11; variance at K=4..10,replicate-variance profile,deterministic,asserts-own,F2,62–64,Values deterministic at $K{\leq}3$ and $K{\geq}11$; minor variance at intermediate levels from GPU floating-point non-determinism
R2-167,kdist_v35k_k1_count,"34,920","K=1 itemsets (35K, 0.001%)",deterministic,asserts-own,F2,"73, 400, 448","1 & 34,920 & 5.76 & 10 & 43,869 & 7.24"
R2-168,kdist_v35k_k1_pct,5.76%,K=1 share,deterministic,asserts-own,F2,73,"1 & 34,920 & 5.76"
R2-169,kdist_v35k_k10_count,"43,869",K=10 itemsets,deterministic,asserts-own,F2,73,"10 & 43,869 & 7.24"
R2-170,kdist_v35k_k10_pct,7.24%,K=10 share,deterministic,asserts-own,F2,73,"10 & 43,869 & 7.24"
R2-171,kdist_v35k_k2_count,"46,853",K=2 itemsets (kdist table),deterministic,asserts-own,F2,74,"2 & 46,853 & 7.73 & 11 & 30,116 & 4.97"
R2-172,kdist_v35k_k2_pct,7.73%,K=2 share,deterministic,asserts-own,F2,74,"2 & 46,853 & 7.73"
R2-173,kdist_v35k_k11_count,"30,116",K=11 itemsets,deterministic,asserts-own,F2,74,"11 & 30,116 & 4.97"
R2-174,kdist_v35k_k11_pct,4.97%,K=11 share,deterministic,asserts-own,F2,74,"11 & 30,116 & 4.97"
R2-175,kdist_v35k_k3_count,"53,238",K=3 itemsets (kdist table),deterministic,asserts-own,F2,75,"3 & 53,238 & 8.78 & 12 & 17,355 & 2.86"
R2-176,kdist_v35k_k3_pct,8.78%,K=3 share,deterministic,asserts-own,F2,75,"3 & 53,238 & 8.78"
R2-177,kdist_v35k_k12_count,"17,355",K=12 itemsets,deterministic,asserts-own,F2,75,"12 & 17,355 & 2.86"
R2-178,kdist_v35k_k12_pct,2.86%,K=12 share,deterministic,asserts-own,F2,75,"12 & 17,355 & 2.86"
R2-179,kdist_v35k_k4_count,"59,086",K=4 itemsets (kdist table),deterministic,asserts-own,F2,76,"4 & 59,086 & 9.75 & 13 & 8,096 & 1.34"
R2-180,kdist_v35k_k4_pct,9.75%,K=4 share,deterministic,asserts-own,F2,76,"4 & 59,086 & 9.75"
R2-181,kdist_v35k_k13_count,"8,096",K=13 itemsets,deterministic,asserts-own,F2,76,"13 & 8,096 & 1.34"
R2-182,kdist_v35k_k13_pct,1.34%,K=13 share,deterministic,asserts-own,F2,76,"13 & 8,096 & 1.34"
R2-183,kdist_v35k_k5_count,"62,226",K=5 itemsets (kdist table),deterministic,asserts-own,F2,77,"5 & 62,226 & 10.26 & 14 & 2,946 & 0.49"
R2-184,kdist_v35k_k5_pct,10.26%,K=5 share,deterministic,asserts-own,F2,77,"5 & 62,226 & 10.26"
R2-185,kdist_v35k_k14_count,"2,946",K=14 itemsets,deterministic,asserts-own,F2,77,"14 & 2,946 & 0.49"
R2-186,kdist_v35k_k14_pct,0.49%,K=14 share,deterministic,asserts-own,F2,77,"14 & 2,946 & 0.49"
R2-187,kdist_v35k_k6_count,"63,708",K=6 itemsets,deterministic,asserts-own,F2,78,"6 & 63,708 & 10.51 & 15 & 800 & 0.13"
R2-188,kdist_v35k_k6_pct,10.51%,K=6 share,deterministic,asserts-own,F2,78,"6 & 63,708 & 10.51"
R2-189,kdist_v35k_k15_count,800,K=15 itemsets,deterministic,asserts-own,F2,78,15 & 800 & 0.13
R2-190,kdist_v35k_k15_pct,0.13%,K=15 share,deterministic,asserts-own,F2,78,15 & 800 & 0.13
R2-191,kdist_v35k_k7_count,"64,396",K=7 itemsets (peak),deterministic,asserts-own,F2,79,"\textbf{7} & \textbf{64,396} & \textbf{10.62} & 16 & 152 & 0.03"
R2-192,kdist_v35k_k16_count,152,K=16 itemsets,deterministic,asserts-own,F2,79,16 & 152 & 0.03
R2-193,kdist_v35k_k16_pct,0.03%,K=16 share,deterministic,asserts-own,F2,79,16 & 152 & 0.03
R2-194,kdist_v35k_k8_count,"62,948",K=8 itemsets,deterministic,asserts-own,F2,80,"8 & 62,948 & 10.38 & 17 & 1 & $<\!$0.01"
R2-195,kdist_v35k_k8_pct,10.38%,K=8 share,deterministic,asserts-own,F2,80,"8 & 62,948 & 10.38"
R2-196,kdist_v35k_k17_count,1,K=17 itemsets,deterministic,asserts-own,F2,80,17 & 1 & $<\!$0.01
R2-197,kdist_v35k_k17_pct,<0.01%,K=17 share,deterministic,asserts-own,F2,80,17 & 1 & $<\!$0.01
R2-198,kdist_v35k_k9_count,"55,582",K=9 itemsets,deterministic,asserts-own,F2,81,"9 & 55,582 & 9.17"
R2-199,kdist_v35k_k9_pct,9.17%,K=9 share,deterministic,asserts-own,F2,81,"9 & 55,582 & 9.17"
R2-200,vocab_v35k_sources,7,annotation sources in expanded vocabulary,method-parameter,asserts-own,F2,"99, 129, 355","The expanded vocabulary comprises 35,012 features across seven annotation sources"
R2-201,vocab_v35k_vs_1k_ratio,35×,"vocabulary size increase (35,012 / 1,002)",deterministic,asserts-own,F2,100,"a $35\times$ increase over the initial 1,002-feature set"
R2-202,vocab_v35k_min_count,"3,423",min feature count for vocabulary retention,method-parameter,asserts-own,F2,"101, 185","Features retained at min\_count${\geq}$3,423."
R2-203,vocab_v35k_interpro,"12,773",InterPro domain/family features,deterministic,asserts-own,F2,"109, 131, 135, 329","Protein domains \& families & InterPro & 12,773 & (247)"
R2-204,vocab_pfam_frequent,247,"Pfam domains in the 1,002 set",deterministic,quotes-paper,F2,"109, 134, 326, 329","Protein domains \& families & InterPro & 12,773 & (247)"
R2-205,vocab_v35k_go,"5,763",GO terms (expanded),deterministic,asserts-own,F2,"110, 137, 140","GO terms (all three ontologies) & Gene Ontology & 5,763 & (752)"
R2-206,vocab_go_frequent,752,"GO terms in the 1,002 set",deterministic,quotes-paper,F2,"110, 139, 326","GO terms (all three ontologies) & Gene Ontology & 5,763 & (752)"
R2-207,vocab_v35k_ec,"1,107",EC number features (leaf-only),deterministic,asserts-own,F2,"111, 144, 330","Enzyme Commission numbers & IUBMB (leaf-only) & 1,107 & ---"
R2-208,vocab_v35k_keywords,"15,162",UniProt Keyword features,deterministic,asserts-own,F2,"112, 151, 330","UniProt Keywords & UniProtKB & 15,162 & ---"
R2-209,vocab_v35k_taxa,175,taxonomic-class features (leaf-only),deterministic,asserts-own,F2,"113, 158","Taxonomic lineage & UniProt (class-level, leaf-only) & 175 & ---"
R2-210,vocab_v35k_length_bins,26,sequence-length bins (log-scale),method-parameter,asserts-own,F2,"114, 166, 168",Sequence length bins & Derived (log-scale) & 26 & ---
R2-211,vocab_v35k_plddt_bins,6,pLDDT confidence bins (expanded),method-parameter,asserts-own,F2,"115, 172, 173",pLDDT confidence bins & AlphaFold & 6 & (3)
R2-212,vocab_plddt_frequent,3,"pLDDT bins in the 1,002 set",method-parameter,quotes-paper,F2,"115, 175",pLDDT confidence bins & AlphaFold & 6 & (3) … expanded from the 3-bin encoding in the initial vocabulary
R2-213,vocab_v35k_items,"1,002 → 35,012",vocabulary expansion (old → new),deterministic,asserts-own,F2,"127, 264, 470","We expanded the feature vocabulary from 1,002 to 35,012 features"
R2-214,vocab_v35k_interpro,"247 → 12,773","domain coverage, Pfam → InterPro (old → new)",deterministic,asserts-own,F2,134–135,"increasing domain coverage from 247 to 12,773 entries while eliminating deduplication concerns"
R2-215,vocab_v35k_go,"752 → 5,763",GO coverage (old → new),deterministic,asserts-own,F2,139–140,"expand coverage from 752 to 5,763 terms by lowering the frequency threshold"
R2-216,ext_ec_hierarchy_levels,4,levels in the EC hierarchy,external-fact,asserts-own,F2,145,EC numbers classify enzyme-catalyzed reactions in a four-level hierarchy (class.subclass.sub-subclass.serial)
R2-217,vocab_v35k_length_bin_edges,"100–150, 150–200, …, >5,000 aa","length-bin edges (log-scale, 26 bins)",method-parameter,asserts-own,F2,167–168,"log-scale bins (e.g., 100--150~aa, 150--200~aa, $\ldots$, $>$5{,}000~aa), providing 26 discrete size categories"
R2-218,vocab_v35k_plddt_bin_scheme,"3 mean-pLDDT bins (<70, 70–90, >90) + 3 fraction bins",pLDDT binning scheme (6 bins),method-parameter,asserts-own,F2,173–174,"three for mean pLDDT ($<$70, 70--90, $>$90) and three for the fraction of high-confidence residues"
R2-219,vocab_v35k_plddt_bins,3 → 6,pLDDT bins (old → new),method-parameter,asserts-own,F2,175,expanded from the 3-bin encoding in the initial vocabulary
R2-220,run_v35k_n_transactions,76.9M → 109.2M,proteins with ≥1 feature (old → new),deterministic,asserts-own,F2,177–178,"109.2~million proteins with at least one annotation feature (up from 76.9~million in the 1,002-feature set)"
R2-221,dataset_multi_feature,76.9 million (77M at l.337),"proteins in the 1,002-feature set",deterministic,quotes-paper,F2,"178, 337","up from 76.9~million in the 1,002-feature set … (0.00001\% of 77M)"
R2-222,dataset_annotation_gb,150 GB,UniProt .dat.gz input processed,external-fact,asserts-own,F2,180,"Feature extraction processed 150\,GB of UniProt \texttt{.dat.gz} files using a custom Rust parser"
R2-223,extract_v35k_parser_records_per_s,95.6K records/s,dat_to_tsv.rs parser throughput,hardware-dependent,asserts-own,F2,182,"(\texttt{dat\_to\_tsv.rs}, 95.6K records/s)"
R2-224,extract_v35k_build_tx_lines_per_s,495K lines/s,build_tx.rs throughput,hardware-dependent,asserts-own,F2,183,"two-pass Rust transaction builder (\texttt{build\_tx.rs}, 495K lines/s)"
R2-225,extract_v35k_build_tx_time_s,858 s,transaction build time (frequency counting + remapping),hardware-dependent,asserts-own,F2,184,"performed frequency counting and feature remapping in 858\,s"
R2-226,vocab_v35k_min_count_pct,~0.003%,"3,423 as fraction of 109.2M",method-parameter,asserts-own,F2,185,"3,423 (corresponding to ${\sim}0.003\%$ of 109.2M proteins)"
R2-227,mem_v35k_bitvec_gb,477 GB,total bitvector matrix (35K × 109.2M),deterministic,asserts-own,F2,"186, 629","constrain the bitvector matrix to 477\,GB total across four NVIDIA H200 143\,GB GPUs"
R2-228,mem_v35k_bitvec_per_device_gb,~119 GB,bitvector shard per device,deterministic,asserts-own,F2,"187, 241, 628","(${\sim}119$\,GB per device with 12\,GB headroom for workspace allocations)"
R2-229,mem_v35k_headroom_gb,12 GB,per-device headroom for workspace,hardware-dependent,asserts-own,F2,187,"${\sim}119$\,GB per device with 12\,GB headroom for workspace allocations"
R2-230,mem_bitvec_cost_model,|F| × ⌈N/64⌉ × 8 B ; T_bitvec = |C_K|·K·⌈N/64⌉,bitvector memory / cost model,deterministic,asserts-own,F2,"207, 215–216, 271, 642",the bitvector matrix for each chunk has dimensions $|F| \times \lceil N_{\text{chunk}} / 64 \rceil$
R2-231,run_v35k_son_chunk_size,40M,SON chunk size (example),method-parameter,asserts-own,F2,"212, 215",A single chunk of $N_{\text{chunk}} = 40$M transactions requires:
R2-232,mem_v35k_son_chunk_bitvec_gb,175 GB,"chunk bitvector at 40M transactions, 35,012 features",deterministic,asserts-own,F2,"216, 641","35{,}012 \times \left\lceil \frac{40 \times 10^6}{64} \right\rceil \times 8 \;\text{bytes} = 175\;\text{GB}"
R2-233,ext_h200_highest_capacity_gpu,H200 = highest-capacity datacenter GPU currently available,hardware ranking claim,external-fact,asserts-own,F2,220–221,"the 143\,GB VRAM of the NVIDIA H200---the highest-capacity datacenter GPU currently available"
R2-234,run_v35k_son_chunk_size_reduced,30M,reduced SON chunk size,method-parameter,asserts-own,F2,222,"(e.g., $N_{\text{chunk}} = 30$M $\rightarrow$ 131\,GB)"
R2-235,mem_v35k_son_chunk_bitvec_reduced_gb,131 GB,chunk bitvector at 30M,deterministic,asserts-own,F2,222,"(e.g., $N_{\text{chunk}} = 30$M $\rightarrow$ 131\,GB)"
R2-236,run_v35k_son_passes,4,sequential SON passes ⌈109M/30M⌉,deterministic,asserts-own,F2,223,would require at least $\lceil 109\text{M} / 30\text{M} \rceil = 4$ sequential passes
R2-237,run_v35k_n_transactions,109M / 109 million,proteins (rounded),deterministic,asserts-own,F2,"223, 292, 295, 336","Across 109~million transactions, this produces $8.6 \times 10^{10}$ subset enumerations"
R2-238,run_v35k_son_hang_hours,> 22 hours,SON streaming run hung at Pass 1 (4×H200) before termination,hardware-dependent,asserts-own,F2,231,a SON streaming run on 4$\times$H200 GPUs hung at Pass~1 for over 22 hours before being terminated
R2-239,run_v35k_transactions_per_gpu,~27M,proteins per GPU (4 GPUs),deterministic,asserts-own,F2,239,Each GPU holds a fraction of the proteins (${\sim}27$M each on 4 GPUs)
R2-240,misc_rowsplit_allreduce_per_level,1,allreduce per K-level,method-parameter,asserts-own,F2,"242, 630",Local support counts are reduced across GPUs with a single \texttt{allreduce} operation per $K$-level
R2-241,son_speedup,21.4×,"SON slowdown / Direct GPU speedup (1K features, 0.001%)",hardware-dependent,asserts-own,F2,"250, 542, 553, 567, 575, 649","``SON is $21.4\times$ slower'' (Section~\ref{sec:results}, 1K features)"
R2-242,misc_hashtree_cost_model,"T_sparse = N · C(|t|, K)",hash-tree Apriori cost model,deterministic,asserts-own,F2,286,T_{\text{sparse}} = N \cdot \binom{\bar{|t|}}{K}
R2-243,run_v35k_items_per_transaction,~12,average annotated features per protein (35K),deterministic,asserts-own,F2,"291, 355",With the 35K-feature dataset ($\bar{|t|} \approx 12$) at $K{=}5$
R2-244,misc_hashtree_subsets_per_txn_k5,792,"C(12,5) subsets per transaction at K=5",deterministic,asserts-own,F2,292,each transaction generates $\binom{12}{5} = 792$ subsets
R2-245,misc_hashtree_subset_enumerations_k5,8.6 × 10^10,subset enumerations at K=5 across 109M transactions,deterministic,asserts-own,F2,293,"Across 109~million transactions, this produces $8.6 \times 10^{10}$ subset enumerations at $K{=}5$ alone"
R2-246,misc_bitvec_words_per_candidate,~1.7 × 10^6,"64-bit ops per candidate, ⌈109×10^6/64⌉",deterministic,asserts-own,F2,"295–296, 300",$\lceil 109{\times}10^6 / 64 \rceil \approx 1.7 \times 10^6$ 64-bit operations per candidate at \emph{any} $K$
R2-247,misc_hypothetical_txn_length,100,hypothetical average transaction length,method-parameter,asserts-own,F2,297,At $\bar{|t|}{=}100$ and $K{=}5$:
R2-248,misc_hashtree_subsets_per_txn_len100_k5,"75,287,520","C(100,5) subsets per transaction",deterministic,asserts-own,F2,298,"sparse traversal generates $\binom{100}{5} = 75{,}287{,}520$ subsets per transaction"
R2-249,run_opus_kmax,K=22,1K max depth (min_count=8),deterministic,quotes-paper,F2,"319, 323, 339, 353, 358, 643","maximum itemset depth from $K{=}22$ (1,002 features, min\_count$=$8) to $K{=}17$"
R2-250,run_opus_min_count,8,1K Opus min_count,method-parameter,quotes-paper,F2,"319, 337, 338","$K{=}22$ (1,002 features, min\_count$=$8) … min\_count$=$8 (0.00001\% of 77M) for the 1K Opus run"
R2-251,run_v35k_kmax,K=22 → K=17,"max itemset depth, 1K → 35K (old → new)",deterministic,asserts-own,F2,"319–320, 643","the \emph{decrease} in maximum itemset depth from $K{=}22$ … to $K{=}17$ (35,012 features, min\_count$=$1,093)"
R2-252,run_v35k_vs_opus_min_count_ratio,137×,"absolute threshold ratio 1,093 / 8",deterministic,asserts-own,F2,337,a $137\times$ higher absolute threshold
R2-253,k22_support,8,proteins sharing the K=22 itemset,deterministic,quotes-paper,F2,"339, 353",(the $K{=}22$ itemset was shared by exactly 8 proteins)
R2-254,run_v35k_min_count,"> 1,000","proteins a pattern must reach at min_count=1,093",method-parameter,asserts-own,F2,340,"At min\_count$=$1,093, only patterns present in $>$1,000 proteins qualify."
R2-255,vocab_v35k_ec_features_per_annotation,1 (not 4),features per EC annotation under leaf-only encoding,method-parameter,asserts-own,F2,346,"EC~3.4.21.4 contributes one feature, not four (the leaf plus three ancestors)"
R2-256,misc_go_truepath_free_cooccurrences,7–8,"""free"" GO co-occurrences per protein from true-path rule (1K vocabulary)",deterministic,asserts-own,F2,347,GO's true-path rule contributed up to 7--8 ``free'' co-occurrences per protein from hierarchical nesting alone
R2-257,k22_proteins_features_each,8 proteins with exactly 22 features each,K=22 ceiling determined by annotation depth,deterministic,asserts-own,F2,353–354,The $K{=}22$ ceiling in the 1K dataset was determined by 8 proteins with exactly 22 features each
R2-258,k22_n_plddt,1,pLDDT bin in the 1K K=22 pattern,deterministic,asserts-own,F2,359,"combined only Pfam and GO terms with one pLDDT bin, all from two closely related annotation sources"
R2-259,kdist_opus_peak_k,K=9,1K K-distribution peak,deterministic,quotes-paper,F2,362,The $K$-distribution peak also shifted: from $K{=}9$ (1K features) to $K{=}7$ (35K features)
R2-260,kdist_v35k_peak_k,K=9 → K=7,"K-distribution peak, 1K → 35K (old → new)",deterministic,asserts-own,F2,362,from $K{=}9$ (1K features) to $K{=}7$ (35K features)
R2-261,run_v35k_null_permutations,2,permutations completed (35K null model),method-parameter,asserts-own,F2,"370, 373, 382, 388, 644",Two permutations were completed on 4$\times$H200 GPUs
R2-262,null_permutations,5,permutations in the existing (1K) null model,method-parameter,quotes-paper,F2,373,Replace existing 5-permutation null model with 35K 2-perm data.
R2-263,run_v35k_null_permutations_planned,100,permutations planned (TBD),method-parameter,requests,F2,"374, 434, 437, 647, 656",Prepare for 100-permutation update. … 35K null model: 100-permutation results (\textbf{TBD})
R2-264,run_v35k_null_gpu_time_s,"1,310 s","total GPU time, 2 permutations",hardware-dependent,asserts-own,F2,383,"(total GPU time: 1,310\,s, wall-clock: 1,456\,s)"
R2-265,run_v35k_null_time_s,"1,456 s","wall-clock, 2 permutations",hardware-dependent,asserts-own,F2,383,"(total GPU time: 1,310\,s, wall-clock: 1,456\,s)"
R2-266,run_v35k_null_kmax,K=5,null model max K (35K),deterministic,asserts-own,F2,"388–389, 415, 646",The null model collapses at $K{=}5$ (1 itemset per permutation)
R2-267,null_v35k2perm_k5_mean,1,"null itemsets at K=5, per permutation",deterministic,asserts-own,F2,"389, 404, 415",it barely reaches $K{=}5$ (exactly 1 itemset per permutation)
R2-268,null_v35k2perm_k3_z,+722.9 (≈723),K=3 Z (35K),deterministic,asserts-own,F2,"390, 402, 423, 645","($Z{=}723$ at $K{=}3$, $Z{>}20{,}000$ at $K{=}4$, $Z{=}\infty$ for $K{\geq}5$)"
R2-269,null_v35k2perm_k4_z,"+20,585 (>20,000)",K=4 Z (35K),deterministic,asserts-own,F2,"390, 403, 645","4 & 59,095 & 872 & 2.8 & $+20{,}585$ & ${\approx}\,0$ & enriched"
R2-270,null_v35k2perm_kge5_z,+∞,Z for K≥5 (35K),deterministic,asserts-own,F2,"390–391, 404, 405",$Z{=}\infty$ for $K{\geq}5$
R2-271,null_v35k2perm_k1_mean,"34,920",K=1 null μ (marginals preserved),deterministic,asserts-own,F2,400,"1 & 34,920 & 34,920 & 0.0 & 0.0 & 1.0 & preserved"
R2-272,null_v35k2perm_k1_std,0.0,K=1 null σ,deterministic,asserts-own,F2,400,"1 & 34,920 & 34,920 & 0.0 & 0.0 & 1.0 & preserved"
R2-273,null_v35k2perm_k1_z,0.0,K=1 Z,deterministic,asserts-own,F2,400,"1 & 34,920 & 34,920 & 0.0 & 0.0 & 1.0 & preserved"
R2-274,null_v35k2perm_k1_p,1.0,K=1 p,deterministic,asserts-own,F2,400,"1 & 34,920 & 34,920 & 0.0 & 0.0 & 1.0 & preserved"
R2-275,null_v35k2perm_k2_bio,"46,847",K=2 bio (null-model table),deterministic,asserts-own,F2,"401, 449","2 & 46,847 & 59,415 & 123.7 & $-101.6$ & 1.0 & depleted"
R2-276,null_v35k2perm_k2_mean,"59,415",K=2 null μ,deterministic,asserts-own,F2,401,"2 & 46,847 & 59,415 & 123.7 & $-101.6$ & 1.0 & depleted"
R2-277,null_v35k2perm_k2_std,123.7,K=2 null σ,deterministic,asserts-own,F2,401,"2 & 46,847 & 59,415 & 123.7 & $-101.6$ & 1.0 & depleted"
R2-278,null_v35k2perm_k2_z,−101.6,K=2 Z,deterministic,asserts-own,F2,401,"2 & 46,847 & 59,415 & 123.7 & $-101.6$ & 1.0 & depleted"
R2-279,null_v35k2perm_k2_p,1.0,K=2 p,deterministic,asserts-own,F2,401,"2 & 46,847 & 59,415 & 123.7 & $-101.6$ & 1.0 & depleted"
R2-280,null_v35k2perm_k3_bio,"53,235",K=3 bio (null-model table),deterministic,asserts-own,F2,"402, 450","3 & 53,235 & 15,920 & 51.6 & $+722.9$ & ${\approx}\,0$ & enriched"
R2-281,null_v35k2perm_k3_mean,"15,920",K=3 null μ,deterministic,asserts-own,F2,402,"3 & 53,235 & 15,920 & 51.6 & $+722.9$"
R2-282,null_v35k2perm_k3_std,51.6,K=3 null σ,deterministic,asserts-own,F2,402,"3 & 53,235 & 15,920 & 51.6 & $+722.9$"
R2-283,null_v35k2perm_k3_p,≈0,K=3 p,deterministic,asserts-own,F2,402,"3 & 53,235 & 15,920 & 51.6 & $+722.9$ & ${\approx}\,0$ & enriched"
R2-284,null_v35k2perm_k4_bio,"59,095",K=4 bio (null-model table),deterministic,asserts-own,F2,"403, 451","4 & 59,095 & 872 & 2.8 & $+20{,}585$ & ${\approx}\,0$ & enriched"
R2-285,null_v35k2perm_k4_mean,872,K=4 null μ,deterministic,asserts-own,F2,403,"4 & 59,095 & 872 & 2.8 & $+20{,}585$"
R2-286,null_v35k2perm_k4_std,2.8,K=4 null σ,deterministic,asserts-own,F2,403,"4 & 59,095 & 872 & 2.8 & $+20{,}585$"
R2-287,null_v35k2perm_k4_p,≈0,K=4 p,deterministic,asserts-own,F2,403,"4 & 59,095 & 872 & 2.8 & $+20{,}585$ & ${\approx}\,0$ & enriched"
R2-288,null_v35k2perm_k5_bio,"62,241",K=5 bio (null-model table),deterministic,asserts-own,F2,"404, 452","5 & 62,241 & 1.0 & 0.0 & $+\infty$ & ${\approx}\,0$ & enriched"
R2-289,null_v35k2perm_k5_mean,1.0,K=5 null μ,deterministic,asserts-own,F2,404,"5 & 62,241 & 1.0 & 0.0 & $+\infty$"
R2-290,null_v35k2perm_k5_std,0.0,K=5 null σ,deterministic,asserts-own,F2,404,"5 & 62,241 & 1.0 & 0.0 & $+\infty$"
R2-291,null_v35k2perm_k5_p,≈0,K=5 p,deterministic,asserts-own,F2,404,"5 & 62,241 & 1.0 & 0.0 & $+\infty$ & ${\approx}\,0$ & enriched"
R2-292,null_v35k2perm_kge6_bio,"348,853",K=6–17 bio itemsets,deterministic,asserts-own,F2,"405, 432, 453","6--17 & 348,853 & 0 & 0.0 & $+\infty$ & ${\approx}\,0$ & enriched"
R2-293,null_v35k2perm_kge6_mean,0,K=6–17 null μ (zero itemsets at K≥6),deterministic,asserts-own,F2,"405, 416","6--17 & 348,853 & 0 & 0.0 … produces zero itemsets at $K{\geq}6$"
R2-294,null_v35k2perm_kge6_std,0.0,K=6–17 null σ,deterministic,asserts-own,F2,405,"6--17 & 348,853 & 0 & 0.0 & $+\infty$"
R2-295,null_v35k2perm_kge6_p,≈0,K=6–17 p,deterministic,asserts-own,F2,405,"6--17 & 348,853 & 0 & 0.0 & $+\infty$ & ${\approx}\,0$ & enriched"
R2-296,null_kmax,K=6,1K null-model max K,deterministic,quotes-paper,F2,"414, 646","With 1K features, the null model reached $K{=}6$ (22 itemsets mean)"
R2-297,null_k6_mean,22,1K null K=6 mean itemsets,deterministic,quotes-paper,F2,414,"With 1K features, the null model reached $K{=}6$ (22 itemsets mean)"
R2-298,null_k3_z,Z=−143,1K K=3 Z (depleted),deterministic,quotes-paper,F2,421,"With 1K features, $K{=}3$ was depleted ($Z{=}{-}143$)"
R2-299,null_v35k2perm_k3_enrichment_ratio,3.3×,bio/null triples ratio at K=3 (35K),deterministic,asserts-own,F2,423,biology produces $3.3\times$ more triples than chance
R2-300,null_v35k2perm_total_enrichment_ratio,5.5×,total bio/null itemset ratio (35K),deterministic,asserts-own,F2,429,The 35K dataset produces $5.5\times$ more total itemsets than the null (606K vs.\ 111K)
R2-301,run_v35k_itemsets,606K,bio total itemsets (rounded),deterministic,asserts-own,F2,"430, 645",(606K vs.\ 111K)
R2-302,run_v35k_null_itemsets,111K,"null total itemsets (35K, 2 permutations)",deterministic,asserts-own,F2,"430, 645",(606K vs.\ 111K)
R2-303,null_v35k2perm_k_levels_beyond,12,K-levels beyond null reach (K=6..17),deterministic,asserts-own,F2,431,"With 12 levels beyond the null's reach ($K{=}6$ through $K{=}17$) containing 348,853 itemsets"
R2-304,run_v35k_null_per_perm_time_s,~655 s,"time per permutation (GPU Fisher–Yates, 4×H200)",hardware-dependent,asserts-own,F2,438,"GPU-accelerated Fisher--Yates shuffle on 4$\times$H200, ${\sim}655$\,s per permutation."
R2-305,vocab_v35k_added_sources,4,additional annotation sources vs 1K vocabulary,method-parameter,asserts-own,F2,474–476,"The 35K vocabulary introduces four additional annotation sources (EC numbers, UniProt Keywords, taxonomic lineage, and sequence length)"
R2-306,misc_cross_source_pattern_categories,6,categories of cross-source patterns,deterministic,asserts-own,F2,476,creating six categories of cross-source patterns that could not be discovered with any single-source analysis
R2-307,run_power_direct_itemsets,"475,865","Direct GPU itemsets (1K, 0.001%) — retained in replacement text",deterministic,quotes-paper,F2,"548, 552, 558, 576","Direct GPU discovers 475,865 itemsets in 50.7\,s versus SON's 22,846 in 1,085.6\,s"
R2-308,run_power_direct_time_s,50.7 s,Direct GPU time (1K),hardware-dependent,quotes-paper,F2,"548, 552, 571, 575","Direct GPU discovers 475,865 itemsets in 50.7\,s"
R2-309,run_power_son_itemsets,"22,846",SON itemsets (1K),deterministic,quotes-paper,F2,"549, 552, 558, 576","versus SON's 22,846 in 1,085.6\,s"
R2-310,run_power_son_time_s,"1,085.6 s",SON time (1K),hardware-dependent,quotes-paper,F2,"549, 553, 571, 575","versus SON's 22,846 in 1,085.6\,s"
R2-311,son_speedup,21×,speedup as currently written in paper (three places),hardware-dependent,quotes-paper,F2,"549, 562, 571","REPLACE: ""… 1,085.6\,s---a $21\times$ speedup."""
R2-312,son_speedup,21× → 21.4×,Section 3.1 speedup wording (old → new),hardware-dependent,requests,F2,548–553,"REPLACE: ""…a $21\times$ speedup."" WITH: … a $\mathbf{21.4\times}$ speedup (Table~\ref{tab:campaign}, footnote)"
R2-313,run_power_min_count,769,min_count of the controlled comparison (0.001%),method-parameter,asserts-own,F2,555,"isolates the method effect at identical support (0.001\%, $\text{min\_count}{=}769$)"
R2-314,son_miss_rate_pct,95.2%,"SON miss rate (22,846 of 475,865)",deterministic,asserts-own,F2,"558, 567, 576","SON misses 95.2\% of patterns (22,846 of 475,865) through two compounding mechanisms."
R2-315,son_speedup,21× → 21.4× (+ 95.2% miss rate added),Table 2 footnote (old → new),hardware-dependent,requests,F2,561–568,"Replace: ""Controlled same-support comparison: $21\times$"" With: … $21.4\times$ speedup, 95.2\% SON miss rate"
R2-316,run_blitz_vs_power_speedup,Power (0.001%) vs Blitz (0.0001%),what the Table 2 † footnote compares (method and threshold both vary),method-parameter,asserts-own,F2,565–566,"Compares Power (0.001\%) to Blitz (0.0001\%), varying both method and threshold."
R2-317,son_speedup,21× → 21.4×,Discussion 4.1 speedup wording (old → new),hardware-dependent,requests,F2,570–576,"Replace: ""a $21\times$ speedup (50.7\,s vs.\ 1,085.6\,s)"" With: … a $21.4\times$ speedup (50.7\,s vs.\ 1,085.6\,s)"
R2-318,kdist_v35k_wave3_k1_count,"1,164",Base (0.1%) K=1 frequent items,deterministic,asserts-own,F2,"588, 608","K=1:   1,164 frequent items (0.3s)"
R2-319,run_v35k_wave3_k1_time_s,0.3 s,Base K=1 time,hardware-dependent,asserts-own,F2,588,"K=1:   1,164 frequent items (0.3s)"
R2-320,kdist_v35k_wave3_k2_count,"8,554",Base K=2 frequent pairs,deterministic,asserts-own,F2,"589, 609","K=2:   8,554 frequent pairs (1.2s)"
R2-321,run_v35k_wave3_k2_time_s,1.2 s,Base K=2 time,hardware-dependent,asserts-own,F2,589,"K=2:   8,554 frequent pairs (1.2s)"
R2-322,kdist_v35k_wave3_k3_count,"28,804",Base K=3 frequent,deterministic,asserts-own,F2,"590, 609","K=3:  28,804 frequent (2.0s)"
R2-323,run_v35k_wave3_k3_time_s,2.0 s,Base K=3 time,hardware-dependent,asserts-own,F2,590,"K=3:  28,804 frequent (2.0s)"
R2-324,kdist_v35k_wave3_k4_count,"88,561",Base K=4 frequent,deterministic,asserts-own,F2,"591, 609","K=4:  88,561 frequent (5.3s)"
R2-325,run_v35k_wave3_k4_time_s,5.3 s,Base K=4 time,hardware-dependent,asserts-own,F2,591,"K=4:  88,561 frequent (5.3s)"
R2-326,kdist_v35k_wave3_k5_count,"280,784",Base K=5 frequent,deterministic,asserts-own,F2,"592, 609","K=5: 280,784 frequent (17.5s)"
R2-327,run_v35k_wave3_k5_time_s,17.5 s,Base K=5 time,hardware-dependent,asserts-own,F2,592,"K=5: 280,784 frequent (17.5s)"
R2-328,kdist_v35k_wave3_k6_count,"835,466",Base K=6 frequent,deterministic,asserts-own,F2,"593, 609","K=6: 835,466 frequent (52.1s)"
R2-329,run_v35k_wave3_k6_time_s,52.1 s,Base K=6 time,hardware-dependent,asserts-own,F2,593,"K=6: 835,466 frequent (52.1s)"
R2-330,kdist_v35k_wave3_k7_count,"2,207,022",Base K=7 frequent,deterministic,asserts-own,F2,"594, 610","K=7: 2,207,022 frequent (145.3s)"
R2-331,run_v35k_wave3_k7_time_s,145.3 s,Base K=7 time,hardware-dependent,asserts-own,F2,594,"K=7: 2,207,022 frequent (145.3s)"
R2-332,kdist_v35k_wave3_k8_count,"5,063,845",Base K=8 frequent,deterministic,asserts-own,F2,"595, 610","K=8: 5,063,845 frequent (348.5s)"
R2-333,run_v35k_wave3_k8_time_s,348.5 s,Base K=8 time,hardware-dependent,asserts-own,F2,595,"K=8: 5,063,845 frequent (348.5s)"
R2-334,run_v35k_wave3_k9_time_s,743.4 s,Base K=9 time,hardware-dependent,asserts-own,F2,596,"K=9: 10,041,611 frequent (743.4s)"
R2-335,run_v35k_wave3_kmax,> 15,expected Base K-max (prediction),deterministic,asserts-own,F2,600–601,"At 0.1% support with 35K features, we may see K-max > 15 and total itemsets in the tens of millions."
R2-336,run_v35k_wave3_itemsets,tens of millions,expected Base total itemsets (prediction),deterministic,asserts-own,F2,"601, 611–612",the complete Base run will yield tens of millions of itemsets at high $K$ values
R2-337,hw_v35k_gpu_vram_gb,141 GB,H200 SXM5 VRAM (hardware section),hardware-dependent,asserts-own,F2,625,"performed on 4$\times$NVIDIA H200 SXM5 141\,GB GPUs with 1.5\,TB host RAM"
R2-338,hw_v35k_host_ram_tb,1.5 TB,host RAM,hardware-dependent,asserts-own,F2,625,"141\,GB GPUs with 1.5\,TB host RAM"
R2-339,sw_v35k_python,Python 3.12,software version,software,asserts-own,F2,625,"running Python~3.12, CuPy~13.4, NumPy~2.0, CUDA~12.6, and Ubuntu~22.04"
R2-340,sw_v35k_cupy,CuPy 13.4,software version,software,asserts-own,F2,625,"running Python~3.12, CuPy~13.4, NumPy~2.0, CUDA~12.6, and Ubuntu~22.04"
R2-341,sw_v35k_numpy,NumPy 2.0,software version,software,asserts-own,F2,626,"NumPy~2.0, CUDA~12.6, and Ubuntu~22.04"
R2-342,sw_v35k_cuda,CUDA 12.6,software version,software,asserts-own,F2,626,"NumPy~2.0, CUDA~12.6, and Ubuntu~22.04"
R2-343,sw_v35k_os,Ubuntu 22.04,OS version,software,asserts-own,F2,626,"NumPy~2.0, CUDA~12.6, and Ubuntu~22.04"
R2-344,run_v35k_transactions_per_gpu,~27.3M,proteins per GPU (row-split),deterministic,asserts-own,F2,627,The row-split architecture distributes ${\sim}27.3$M proteins per GPU
R2-345,alg_pcie_bytes_per_level,~12 bytes,nccl.allReduce payload per K-level,deterministic,asserts-own,F2,630,"Local support counts are reduced across GPUs via \texttt{nccl.allReduce} with ${\sim}12$\,bytes per $K$-level."
R2-346,meta_review_jun01_tex_lines,968,lines in `et_miner_proteome.tex` (reviewed version),deterministic,asserts-own,F3,4,`/home/et/personal-projects/et-miner/papers/et_miner_proteome.tex` (968 regels)
R2-347,run_opus_itemsets,"26,849,505",kdist sum K=1..22 (recounted by hand),deterministic,asserts-own,F3,"18, 94, 98","kdist K=1..22 = 26,849,505 exact … kdist-som = 26,849,505 (handmatig nageteld ✓)"
R2-348,run_v35k_16p8b_itemsets,"16,812,646,639",expanded-run cumulative itemsets (sum verified),deterministic,asserts-own,F3,"18, 98","expanded cumulatief = 16,812,646,639 exact"
R2-349,run_blitz_vs_power_speedup,9×,speedup/ratio in paper (verified),hardware-dependent,quotes-paper,F3,"19, 100","speedup-ratio's (9×, 124×, 21×, 95.2%, 5.1×) kloppen binnen afronding"
R2-350,run_blitz_vs_power_itemset_ratio,124×,speedup/ratio in paper (verified),hardware-dependent,quotes-paper,F3,"19, 100","speedup-ratio's (9×, 124×, 21×, 95.2%, 5.1×) kloppen binnen afronding"
R2-351,son_speedup,21×,Direct-vs-SON speedup in paper (verified),hardware-dependent,quotes-paper,F3,"19, 100","speedup-ratio's (9×, 124×, 21×, 95.2%, 5.1×) kloppen binnen afronding"
R2-352,son_miss_rate_pct,95.2%,SON miss rate in paper (verified),deterministic,quotes-paper,F3,"19, 101","speedup-ratio's (9×, 124×, 21×, 95.2%, 5.1×) kloppen binnen afronding"
R2-353,run_opus_vs_gminer_transaction_ratio,5.1×,scale ratio vs GMiner in paper (verified),deterministic,quotes-paper,F3,"19, 55, 101","""15M"" (scale-tabel, basis van de 5.1×-claim)"
R2-354,meta_review_jun01_bibitems,37,`\bibitem` entries (r574–757),deterministic,asserts-own,F3,31,"Bibliografie: 37 `\bibitem` (r574–757). 32 distincte `\cite`-keys, allemaal resolvend"
R2-355,meta_review_jun01_cite_keys,32,"distinct `\cite` keys, all resolving",deterministic,asserts-own,F3,31,"32 distincte `\cite`-keys, allemaal resolvend (geen broken refs)"
R2-356,meta_review_jun01_coin2009_pages,3077 → 3077–3083,coin2009 (actually Terrapon et al.) page range (old → new),external-fact,disputes,F3,39,Pagina's ook incompleet (3077 → 3077–3083)
R2-357,meta_review_jun01_varadi2022_pages,50(D1):D419–D427 → D439–D444,varadi2022 page range (old → new),external-fact,disputes,F3,"40, 149",`50(D1):D419--D427` → moet **D439–D444** zijn
R2-358,meta_review_jun01_mistry2021_pages,D412–D419,"mistry2021 page range (r712), source of the copy error",external-fact,quotes-paper,F3,40,"collideert exact met de echte range van `mistry2021` (`D412--D419`, r712) → klassieke copy-fout"
R2-359,ext_bigminer_transactions,100M,BIGMiner transactions as stated in paper table,external-fact,disputes,F3,41,"Tabel zegt BIGMiner = ""100M transactions / 30× servers"""
R2-360,ext_bigminer_nodes,30,BIGMiner servers/nodes as stated in paper (unverifiable),external-fact,disputes,F3,41,"Het ""30 nodes""-getal is niet verifieerbaar uit open bronnen."
R2-361,ext_bigminer_transactions,6.5 billion,BIGMiner transactions per the BIGMiner paper,external-fact,asserts-own,F3,41,"De BIGMiner-paper rapporteert schaling tot **6,5 miljard** transacties"
R2-362,ext_bigminer_transactions_ratio,≈65×,6.5B / 100M,external-fact,asserts-own,F3,41,(≈65× meer dan de geclaimde 100M)
R2-363,ext_prior_gpu_fim_scale_gap_orders,three orders of magnitude,paper's scale claim vs prior work,deterministic,disputes,F3,41,"verzwak je juist de claim ""three orders of magnitude beyond any prior result"""
R2-364,ext_meysman_structures,~100K,Meysman2015 structures as stated in paper (r499),external-fact,disputes,F3,47,"Claim-support: ""limited to ${\sim}100$K structures"" — werkelijk **~32.142** structuren (overschat ~3×)"
R2-365,ext_meysman_structures,"~32,142",Meysman2015 structures (actual),external-fact,asserts-own,F3,47,werkelijk **~32.142** structuren (overschat ~3×)
R2-366,ext_meysman_overestimate_ratio,~3×,overestimate factor,external-fact,asserts-own,F3,47,(overschat ~3×)
R2-367,ext_meysman_structures,~32K,suggested replacement value,external-fact,requests,F3,47,`${\sim}32$K structures`
R2-368,meta_review_jun01_acmsurvey2021_pages,"54(7):1–36 → 54(9), Article 179 (179:1–179:35)",acmsurvey2021 issue/pages (old → new),external-fact,disputes,F3,48,"Issue + pagina's fout: `54(7):1--36` → **54(9), Article 179 (179:1–179:35)**"
R2-369,meta_review_jun01_fang2009_reference,"2008 tech-report title vs DaMoN 2009 paper, pp 34–42",fang2009 title/venue/pages,external-fact,disputes,F3,49,"de titel van het **2008 HKUST tech-report**; de DaMoN-2009 workshop-paper heet ""**Frequent itemset mining on graphics processors**"" (pp 34–42)"
R2-370,meta_review_jun01_chon2024_reference,"vol 250, Art. 123928",chon2024 ESWA volume/article (title wrong),external-fact,asserts-own,F3,50,"ESWA vol 250, Art. 123928."
R2-371,meta_review_jun01_varadi2024_pages,52(D1):D368 → D368–D375,varadi2024 page range (old → new),external-fact,disputes,F3,51,Ontbrekende eind-pagina: `52(D1):D368` → **D368–D375**
R2-372,meta_review_jun01_chon2018b_pages,21:1507–1521 → 21(3):1507–1520,chon2018b pages (old → new),external-fact,disputes,F3,52,Eind-pagina off-by-one: `21:1507--1521` → **21(3):1507–1520**
R2-373,meta_review_jun01_savasere1995_pages,pp. 432–444,savasere1995 pages (missing in paper),external-fact,requests,F3,53,Pagina's ontbreken volledig. | `pp.\ 432--444`
R2-374,ext_prior_gpu_fim_speedup_range,50–350×,GPU speedup range claimed in paper (r106; range verified),external-fact,quotes-paper,F3,54,"voor ""GPU achieved 50–350× speedups"" … De range zelf klopt"
R2-375,ext_djenouri2019_speedup,350×,djenouri2019 speedup (confirmed),external-fact,asserts-own,F3,54,"(350× = djenouri2019, 100× = zhang2011, beide bevestigd)"
R2-376,ext_gpapriori_speedup,100×,zhang2011 speedup (confirmed),external-fact,asserts-own,F3,54,"(350× = djenouri2019, 100× = zhang2011, beide bevestigd)"
R2-377,meta_review_jun01_gpu_cite_cluster_cpu_algorithms,2,"CPU algorithms (han2000 FP-Growth, zaki2000 Eclat) wrongly inside the GPU-speedup cite cluster",external-fact,disputes,F3,54,"bundelt twee **CPU-algoritmes** (`han2000` FP-Growth, `zaki2000` Eclat) onder een GPU-speedup-claim"
R2-378,ext_gminer_transactions,15M,"GMiner transactions, scale table (r466)",external-fact,disputes,F3,55,"Zelfde systeem krijgt ""15M"" (scale-tabel, basis van de 5.1×-claim) én ""1.7M (real)"""
R2-379,ext_gminer_transactions_real,1.7M,"GMiner transactions, gpu-arch table (r877)",external-fact,quotes-paper,F3,55,"én ""1.7M (real)"" (gpu-arch-tabel). 1.7M = webdocs FIMI (bevestigd 1,692,082)"
R2-380,ext_gminer_transactions_real,"1,692,082",webdocs FIMI transaction count,external-fact,asserts-own,F3,55,"1.7M = webdocs FIMI (bevestigd 1,692,082)"
R2-381,ext_gminer_hardware,4× GTX 1080,GMiner hardware as stated in paper (unverifiable),hardware-dependent,quotes-paper,F3,55,"(GPU ""4× GTX 1080"" niet verifieerbaar — paywall.)"
R2-382,meta_review_jun01_orphan_bibitems,5 (cited 0×),"orphan bibitems: webb2007, webb2014, abramson2024, zaki1997, miettinen2020",deterministic,asserts-own,F3,59–60,"`webb2007` (r724), `webb2014` (r729), `abramson2024` (r734), `zaki1997` (r749), `miettinen2020` (r754) — … **nergens ge-`\cite`d**"
R2-383,csr_nnz,316M,CSR nnz (r175),deterministic,quotes-paper,F3,76,"Body: ""316M nnz, ~5.1 GB, **two** 64-bit ints/entry"" (16 B/entry, COO-paar)"
R2-384,csr_bytes_gb,~5.1 GB,CSR/COO size (r175),deterministic,quotes-paper,F3,76,"Body: ""316M nnz, ~5.1 GB, **two** 64-bit ints/entry"""
R2-385,alg_coo_bytes_per_entry,2 × 64-bit ints = 16 B/entry,COO entry size (r175),deterministic,quotes-paper,F3,76,"""**two** 64-bit ints/entry"" (16 B/entry, COO-paar)"
R2-386,csr_h2d_transfer_gb,~3 GB,H2D transfer size (r179/r485),deterministic,quotes-paper,F3,76,"Elders: H2D-transfer ""~3 GB"" (alleen kolom-index, 8 B → 316M×8=2.53 GB)"
R2-387,mem_csr_bytes_per_entry,8 B/entry,CSR column-index entry size (appendix r920),deterministic,quotes-paper,F3,76,"Appendix-tabel: ""CSR (**8** bytes/entry)"" → 19 GB voor 214M"
R2-388,csr_h2d_transfer_gb,2.53 GB,316M × 8 B,deterministic,asserts-own,F3,76,"(alleen kolom-index, 8 B → 316M×8=2.53 GB)"
R2-389,mem_csr_214m_gb,19 GB,CSR size for 214M proteins (appendix r920),deterministic,quotes-paper,F3,"76, 152","Appendix-tabel: ""CSR (**8** bytes/entry)"" → 19 GB voor 214M"
R2-390,meta_review_jun01_csr_size_variants,3 (3 / 5.1 / 19 GB),distinct CSR sizes given without labels,deterministic,disputes,F3,"76, 152","Drie cijfers (3 / 5.1 / 19 GB) voor ""CSR"" zonder dat de lezer ze kan rijmen."
R2-391,mem_csr_nnz_214m,nnz of the 214M set,value missing from paper,deterministic,requests,F3,76,geef de nnz van de 214M-set (nu nergens vermeld)
R2-392,csr_vs_dense_full_ratio,40×,memory reduction (r175),deterministic,quotes-paper,F3,77,"40× = naïeve **byte**-matrix (206 GB, 1 B/boolean) ÷ CSR-COO (5.1 GB)"
R2-393,mem_ratio_214m,1.4×,memory reduction (r908/r920),deterministic,quotes-paper,F3,77,1.4× = **bitpacked** dense (27 GB) ÷ CSR (19 GB)
R2-394,dense_gb,206 GB,naïve byte matrix (1 B/boolean),deterministic,quotes-paper,F3,"77, 152","naïeve **byte**-matrix (206 GB, 1 B/boolean)"
R2-395,alg_dense_bytes_per_bool,1 B/boolean,byte-matrix convention,deterministic,asserts-own,F3,77,206 GB = 1 byte/boolean (niet bitpacked)
R2-396,mem_dense_214m_gb,27 GB,bitpacked dense (appendix),deterministic,quotes-paper,F3,77,**bitpacked** dense (27 GB) ÷ CSR (19 GB)
R2-397,bitvec_gb,26 GB,actual on-GPU bitvector,deterministic,asserts-own,F3,"77, 152","de echte on-GPU bitvector is 26 GB = de ""27 GB"" appendix-dense, factor ~8 kleiner"
R2-398,mem_dense_vs_bitvec_ratio,~8×,206 GB / 26 GB,deterministic,asserts-own,F3,77,factor ~8 kleiner
R2-399,mem_v35k_bitvec_gb,~445 GB,expanded bitvector size (r258),deterministic,disputes,F3,78,**`~445 GB` expanded bitvector: GB/GiB-mix**
R2-400,mem_v35k_16p8b_bitvec_per_device_gb,~56 GB/device,expanded per-device bitvector (paper),deterministic,quotes-paper,F3,78,"""~56 GB/device × 8"" = 448, niet 445"
R2-401,run_v35k_16p8b_n_gpus,8,"devices in the expanded run (r258 ""× 8""; r965 ""× 8"")",hardware-dependent,quotes-paper,F3,"78, 92","""~56 GB/device × 8"" = 448 … ""$332 ≈ $3.50/GPU/uur × 8 × ~12h"""
R2-402,mem_v35k_bitvec_gb,448 GB,56 × 8,deterministic,asserts-own,F3,78,"""~56 GB/device × 8"" = 448, niet 445"
R2-403,mem_v35k_bitvec_gb,478 GB,109.2M × 35012 / 8 (decimal GB),deterministic,asserts-own,F3,78,Decimaal 109.2M×35012/8 = **478 GB**
R2-404,run_v35k_n_transactions,109.2M,expanded protein count,deterministic,quotes-paper,F3,78,Decimaal 109.2M×35012/8 = **478 GB**
R2-405,vocab_v35k_items,35012,expanded feature count,deterministic,quotes-paper,F3,78,Decimaal 109.2M×35012/8 = **478 GB**
R2-406,mem_v35k_bitvec_gb,445.19 GiB,same size in GiB,deterministic,asserts-own,F3,78,445 klopt **alleen** als **GiB** (445.19 GiB)
R2-407,mem_v35k_16p8b_bitvec_per_device_gb,55.6 GiB,56 GB per device in GiB,deterministic,asserts-own,F3,78,"als GiB, dan is ""56 GB/device"" ook fout (→ 55.6 GiB)"
R2-408,null_p_bound_kge7,p < 0.17,"one-sided binomial p for 0/5 permutations > K=6 (r414, r429, r435)",deterministic,disputes,F3,"84, 142, 153","""$p < 0.17$ by one-sided binomial test"" … **Niet onderbouwd door de standaard one-sided binomiale upper bound.**"
R2-409,null_perms_reaching_kge7,0/5,permutations exceeding K=6,deterministic,quotes-paper,F3,84,(0/5 permutaties > K=6)
R2-410,null_kmax,K=6,1K null-model ceiling,deterministic,quotes-paper,F3,84,(0/5 permutaties > K=6)
R2-411,null_p_bound_kge7,≈0.45,95% upper bound for 0 successes in 5 trials,deterministic,asserts-own,F3,"84, 153",Voor 0 successen in 5 trials is de 95%-upper-bound ≈ **0.45**
R2-412,null_p_bound_kge7_rule_of_three,3/5 = 0.6,rule-of-three bound,deterministic,asserts-own,F3,84,(rule-of-three 3/5 = 0.6)
R2-413,null_p_bound_kge7,1/6,"0.17 ≈ 1/6, origin unclear",deterministic,asserts-own,F3,84,0.17 ≈ 1/6 — herkomst onduidelijk en oogt te optimistisch.
R2-414,run_v35k_min_count,"1,092",expanded-run min_count (r260),method-parameter,disputes,F3,90,"min_count expanded = 1,092 | 260 | ⌈0.001%×109,224,173⌉ = ⌈1092.24⌉ = **1093**"
R2-415,run_v35k_n_transactions,"109,224,173",expanded-run n (exact),deterministic,quotes-paper,F3,90,"⌈0.001%×109,224,173⌉ = ⌈1092.24⌉ = **1093**"
R2-416,run_v35k_min_count_raw,1092.24,"0.001% × 109,224,173",deterministic,asserts-own,F3,90,"⌈0.001%×109,224,173⌉ = ⌈1092.24⌉ = **1093**"
R2-417,run_v35k_min_count,"1,092 → 1093",min_count fix (old → new) if ceil is used,method-parameter,requests,F3,90,"1092→1093, óf vermeld dat round() gebruikt is en pas r800 aan."
R2-418,run_power_min_count,769,Power min_count (ceil applied),method-parameter,quotes-paper,F3,90,Power gebruikt wél ceil (769). Richting inconsistent.
R2-419,cost_saving_usd,$243,saving stated in paper (r965),hardware-dependent,disputes,F3,91,"""$243 saving"" | 965 | 332 − 90 = **242**, niet 243."
R2-420,cost_expanded_run_usd,$332,run cost stated in paper,hardware-dependent,quotes-paper,F3,"91, 92","332 − 90 = **242** … ""$332 ≈ $3.50/GPU/uur × 8 × ~12h"""
R2-421,cost_comparison_usd,$90,comparison cost stated in paper,hardware-dependent,quotes-paper,F3,91,"332 − 90 = **242**, niet 243."
R2-422,cost_saving_usd,$243 → $242,saving (old → new),hardware-dependent,requests,F3,91,`\$242`
R2-423,cost_gpu_hour_usd,$3.50/GPU/hour,GPU rental price used in paper (r940),external-fact,quotes-paper,F3,92,"""$332 ≈ $3.50/GPU/uur × 8 × ~12h"""
R2-424,cost_expanded_run_hours,~12 h,run duration used in paper cost formula,hardware-dependent,quotes-paper,F3,92,"""$332 ≈ $3.50/GPU/uur × 8 × ~12h"" | 965 vs 940"
R2-425,cost_expanded_run_usd,$336,3.50 × 8 × 12,hardware-dependent,asserts-own,F3,92,"3.50×8×12 = **$336**; $332 impliceert 11.86 h (≠ ""~12 hours"")"
R2-426,cost_expanded_run_hours,11.86 h,hours implied by $332,hardware-dependent,asserts-own,F3,92,"$332 impliceert 11.86 h (≠ ""~12 hours"")"
R2-427,dataset_single_feature_pct,62.6%,"excluded single-feature proteins (Limitation 4, r525; base run)",deterministic,quotes-paper,F3,"93, 99","""excludes ... (62.6%)"" (Limitation 4) | 525 | Getal correct voor de **base**-run (37.4+62.6=100)"
R2-428,dataset_multi_feature_pct,37.4%,multi-feature share (base run),deterministic,quotes-paper,F3,"93, 99",Getal correct voor de **base**-run (37.4+62.6=100)
R2-429,run_v35k_coverage_pct,53.1%,expanded-run coverage claim,deterministic,quotes-paper,F3,"93, 99",spanning met de 53.1%-expanded-claim
R2-430,run_opus_itemsets,26.8M,"total itemsets as written (r301, r306)",deterministic,disputes,F3,94,"""26.8M total"" | 301, 306 | 26,849,505 → 26.85M; ""26.8M"" is **truncatie** i.p.v. afronding"
R2-431,run_opus_itemsets,26.85M,correct 2-decimal rounding,deterministic,asserts-own,F3,94,"26,849,505 → 26.85M"
R2-432,run_opus_itemsets,26.9M,correct 1-decimal rounding,deterministic,asserts-own,F3,94,"""26.8M"" is **truncatie** i.p.v. afronding (zou 26.9M zijn)"
R2-433,misc_growth_factors_n,7,growth factors in paper (all verified),deterministic,quotes-paper,F3,99,alle 7 groeifactoren (25.8×…3.4×) ✓
R2-434,misc_growth_factor_max,25.8×,largest growth factor,deterministic,quotes-paper,F3,99,alle 7 groeifactoren (25.8×…3.4×) ✓
R2-435,misc_growth_factor_min,3.4×,smallest growth factor,deterministic,quotes-paper,F3,99,alle 7 groeifactoren (25.8×…3.4×) ✓
R2-436,run_base_min_count,"76,891",largest min_count (base run),method-parameter,quotes-paper,F3,99,"alle min_counts (76,891 … 8) ✓"
R2-437,run_opus_min_count,8,smallest min_count,method-parameter,quotes-paper,F3,99,"alle min_counts (76,891 … 8) ✓"
R2-438,kdist_opus_peak_pct,13.14%,percentage in paper (quantity unspecified; verified),deterministic,quotes-paper,F3,100,37.4% / 53.1% / 13.14% ✓
R2-439,null_z_min_k4to6,"Z > 3,700 for K=4–6","Z-scores, abstract↔table↔conclusion",deterministic,quotes-paper,F3,100,"Z>3,700 voor K=4–6 consistent abstract↔tabel↔conclusie ✓"
R2-440,run_power_direct_itemsets,"475,865",null-table Bio column total = Direct-GPU total,deterministic,quotes-paper,F3,101,"null Bio-kolom = 475,865 = Direct-GPU-totaal ✓"
R2-441,misc_pruning_saving_1_pct,0.32,"pruning factor, technique 1",hardware-dependent,quotes-paper,F3,101,pruning 1−(0.32)(0.88)(0.96) = 73% ✓
R2-442,misc_pruning_saving_2_pct,0.88,"pruning factor, technique 2",hardware-dependent,quotes-paper,F3,101,pruning 1−(0.32)(0.88)(0.96) = 73% ✓
R2-443,misc_pruning_saving_3_pct,0.96,"pruning factor, technique 3",hardware-dependent,quotes-paper,F3,101,pruning 1−(0.32)(0.88)(0.96) = 73% ✓
R2-444,misc_pruning_combined_saving_pct,73%,combined projected K=9 runtime reduction,hardware-dependent,quotes-paper,F3,"102, 115","pruning 1−(0.32)(0.88)(0.96) = 73% ✓ … ""are estimated to reduce $K{=}9$ runtime by approximately 73%"""
R2-445,alg_pcie_bytes_total,~264 B,total allreduce transfer (22 × 12),deterministic,quotes-paper,F3,102,~264 B totaal transfer (22×12) ✓
R2-446,run_opus_kmax,22,K-levels in the transfer calculation,deterministic,quotes-paper,F3,102,~264 B totaal transfer (22×12) ✓
R2-447,alg_pcie_bytes_per_level,12 bytes,per-K-level allreduce transfer (r842/r873),deterministic,quotes-paper,F3,"102, 127",`$\sim$12 bytes` (873) vs `${\sim}12$~bytes` (842)
R2-448,meta_review_jun01_endash_examples,70–90 / 583–589 / K=4–8,"en-dash range examples (pLDDT bin, citation pages, K range)",external-fact,quotes-paper,F3,109,"en-dash-ranges (`70--90`, `583--589`, `$K{=}4$--$8$`) zijn consistent en correct toegepast"
R2-449,misc_pruning_k,K=9,"level of the projected runtime reduction (r92, r549)",deterministic,quotes-paper,F3,115,"""we estimate would reduce** $K{=}9$ runtime …"""
R2-450,meta_review_jun01_etminer_spelling_count,40+,"occurrences of ""ET-miner"" (vs one ""ET-Miner"", r795)",deterministic,asserts-own,F3,121,enige uitschieter tussen 40+ `ET-miner`
R2-451,run_opus_time_min,7.3 minutes,"run time (r121, r92)",hardware-dependent,quotes-paper,F3,123,"r121 `7.3~minutes` (beschermd), r92/r130/r549 plain spatie (""7.3 minutes"", ""63 minutes"", ""4.3 hours"")"
R2-452,extract_time_min,63 minutes,run time (r130),hardware-dependent,quotes-paper,F3,123,"(""7.3 minutes"", ""63 minutes"", ""4.3 hours"")"
R2-453,run_v35k_16p8b_time_h,4.3 hours,run time (r549; expanded 35K run per l.143),hardware-dependent,quotes-paper,F3,"123, 143","(""7.3 minutes"", ""63 minutes"", ""4.3 hours"") … **16,8 miljard itemsets t/m K=8, 4.3 uur**"
R2-454,hw_gpu_vram_gb,80 GB,"house-style unit example (`80\,GB`)",hardware-dependent,quotes-paper,F3,123,"Huis-stijl is `\,` (80\,GB)."
R2-455,meta_review_jun01_author_model_name,Opus 4.6,"model name in author info (r559 ""Opus4.6"")",software,quotes-paper,F3,125,**`Opus4.6`** mist spatie (author-info). | `Opus 4.6`
R2-456,vocab_composition,247/752/3 → 500/500/2,Table 1 breakdown fixed between versions (r143–150),deterministic,asserts-own,F3,"138, 149","Table 1 feature-breakdown ""fabricated"" (247/752/3) | ✅ **GEFIXT** — toont nu 500/500/2 (r143–150)."
R2-457,vocab_plddt_frequent,2,"pLDDT bins, Run 1 (current version, r150)",deterministic,quotes-paper,F3,140,pLDDT-bins 3 vs 2 | ✅ **GEFIXT** — Run 1 = 2 bins (r150).
R2-458,run_v35k_itemsets,"606,292",35K @0.001% itemsets per revision_notes_b3,deterministic,quotes-paper,F3,143,"`revision_notes_b3.tex` noteerde voor de 35K-run @ 0.001%: **606,292 itemsets, K_max=17, 654 s**"
R2-459,run_v35k_kmax,K_max=17,35K @0.001% max K per revision_notes_b3,deterministic,quotes-paper,F3,143,"**606,292 itemsets, K_max=17, 654 s**"
R2-460,run_v35k_time_s,654 s,35K @0.001% time per revision_notes_b3,hardware-dependent,quotes-paper,F3,143,"**606,292 itemsets, K_max=17, 654 s**"
R2-461,run_v35k_16p8b_itemsets,16.8 billion,35K @0.001% itemsets through K=8 (current paper),deterministic,quotes-paper,F3,143,"De huidige paper claimt voor dezelfde run **16,8 miljard itemsets t/m K=8, 4.3 uur**"
R2-462,run_v35k_16p8b_kmax,K=8,depth reached in current paper's 35K run,deterministic,quotes-paper,F3,143,"**16,8 miljard itemsets t/m K=8, 4.3 uur**"
R2-463,run_v35k_16p8b_vs_v35k_itemset_ratio,"~27,000×",ratio between the two 35K results,deterministic,asserts-own,F3,143,Dat is ~27.000× verschil — vrijwel zeker het effect van de eerder genoemde **NCCL int32-overflow bugfix**
R2-464,sw_nccl_overflow_int_width,int32,NCCL overflow bug (integer width),software,asserts-own,F3,143,het effect van de eerder genoemde **NCCL int32-overflow bugfix** (pre-fix undercount)
R2-465,vocab_pfam_frequent,247,"Pfam domains, Run 1 (paper Table 1, lines 143–145)",deterministic,disputes,F4,"15, 20, 22",Pfam domains & InterPro/Pfam & 247 & --- \\ … The numbers 247 and 752 do not correspond to any configuration in the codebase.
R2-466,vocab_go_frequent,752,"GO terms, Run 1 (paper Table 1)",deterministic,disputes,F4,"16, 20, 22","GO terms & Gene Ontology & 752 & 5,763 \\"
R2-467,vocab_v35k_go,"5,763","GO terms, Run 2 (paper Table 1)",deterministic,quotes-paper,F4,16,"GO terms & Gene Ontology & 752 & 5,763 \\"
R2-468,vocab_plddt_frequent,3,"pLDDT bins, Run 1 (paper Table 1)",deterministic,disputes,F4,"17, 20, 70",pLDDT confidence bins & AlphaFold & 3 & 6 \\ … Table 1 claims 3 pLDDT bins for Run 1.
R2-469,vocab_v35k_plddt_bins,6,"pLDDT bins, Run 2 / defined in item mapping",deterministic,quotes-paper,F4,"17, 70",pLDDT confidence bins & AlphaFold & 3 & 6 \\ … The item mapping defines 6 bins but 4 have < 8 proteins.
R2-470,vocab_items_frequent,"1,002",Run 1 feature total,deterministic,quotes-paper,F4,"20, 22","The paper claims Run 1 consists of 247 Pfam + 752 GO + 3 pLDDT = 1,002."
R2-471,vocab_pfam_frequent,500,"Pfam domains, actual (item_mapping_214m.parquet)",deterministic,asserts-own,F4,"22, 89","**The actual composition is 500 Pfam + 500 GO + 2 pLDDT = 1,002**"
R2-472,vocab_go_frequent,500,"GO terms, actual",deterministic,asserts-own,F4,"22, 89","**The actual composition is 500 Pfam + 500 GO + 2 pLDDT = 1,002**"
R2-473,vocab_plddt_frequent,2,"pLDDT bins, actual",deterministic,asserts-own,F4,"22, 89","**The actual composition is 500 Pfam + 500 GO + 2 pLDDT = 1,002**"
R2-474,vocab_pfam_defined,"top_pfam=500, top_go=500",pipeline parameters (non-default),method-parameter,asserts-own,F4,22,"Pipeline was run with `top_pfam=500, top_go=500` (non-default parameters)."
R2-475,null_min_count,769 vs 8,min_count null vs main (paper line 438 quote),method-parameter,quotes-paper,F4,"27, 29",run at a higher threshold than the main analysis (min_count=769 vs. 8) for computational efficiency
R2-476,null_minc8_min_count,8,min_count requested for null-model rerun,method-parameter,requests,F4,29,"Fix: either run the null model at min_count=8, or honestly state that K=15-22 significance is extrapolated."
R2-477,null_uncovered_k_range,K=15–22,depth range whose significance is extrapolated,deterministic,disputes,F4,29,or honestly state that K=15-22 significance is extrapolated
R2-478,misc_pruning_saving_1_pct,68%,"pruning saving, technique 1 (Table 8, K=9) — projection",hardware-dependent,disputes,F4,42,"Table 8 presents pruning savings of 68%, 12%, 4%, 2% (combined 73%) for K=9. PROJECT_STATE confirms these are projections"
R2-479,misc_pruning_saving_2_pct,12%,"pruning saving, technique 2 — projection",hardware-dependent,disputes,F4,42,"pruning savings of 68%, 12%, 4%, 2% (combined 73%) for K=9"
R2-480,misc_pruning_saving_3_pct,4%,"pruning saving, technique 3 — projection",hardware-dependent,disputes,F4,42,"pruning savings of 68%, 12%, 4%, 2% (combined 73%) for K=9"
R2-481,misc_pruning_saving_4_pct,2%,"pruning saving, technique 4 — projection",hardware-dependent,disputes,F4,42,"pruning savings of 68%, 12%, 4%, 2% (combined 73%) for K=9"
R2-482,misc_pruning_combined_saving_pct,73%,"combined projected K=9 runtime reduction (abstract, unqualified)",hardware-dependent,disputes,F4,42,"The abstract says ""reduce projected K=9 runtime by 73%"" without qualifying this as an estimate."
R2-483,misc_pruning_k,K=9,level of the pruning projection,deterministic,quotes-paper,F4,42,(combined 73%) for K=9
R2-484,vocab_v35k_interpro,"12,773","InterPro entries, Run 2 (replacing Pfam)",deterministic,quotes-paper,F4,50,"Table 1 shows Run 2 has ""---"" for Pfam domains, replaced by 12,773 InterPro entries."
R2-485,run_opus_vs_prior_transaction_ratio,769×,more transactions than next largest GPU system (paper line 456),deterministic,disputes,F4,"52, 54, 56","""ET-miner processes 769x more transactions than the next largest GPU system."" … The 769× appears to compare against CPU systems at 100K transactions."
R2-486,ext_borgelt_transactions,100K,transactions of the CPU systems the 769× apparently compares to,external-fact,quotes-paper,F4,56,The 769× appears to compare against CPU systems at 100K transactions.
R2-487,ext_bigminer_transactions,100M,BIGMiner transactions (paper table),external-fact,quotes-paper,F4,56,BIGMiner processes 100M transactions — MORE than ET-miner's 76.9M.
R2-488,dataset_multi_feature,76.9M,ET-miner transactions,deterministic,quotes-paper,F4,56,BIGMiner processes 100M transactions — MORE than ET-miner's 76.9M.
R2-489,ext_gminer_transactions,15M,GMiner transactions (paper table),external-fact,quotes-paper,F4,56,"GMiner is listed at 15M (76.9M/15M = 5.1×, not 769×)."
R2-490,run_opus_vs_gminer_transaction_ratio,5.1×,76.9M / 15M,deterministic,asserts-own,F4,56,"GMiner is listed at 15M (76.9M/15M = 5.1×, not 769×)."
R2-491,null_permutations,5,permutations in null model (paper line 410),method-parameter,quotes-paper,F4,66,The null model uses only 5 permutations (line 410).
R2-492,null_p_bound_kge7,0.17,lowest achievable bound on P(K≥7 given null) with 5 trials,deterministic,asserts-own,F4,66,Cannot bound P(K≥7|null) below 0.17 with only 5 trials.
R2-493,null_kge7_z,+∞,Z-scores for K≥7 as reported (paper),deterministic,disputes,F4,66,"Z-scores for K≥7 reported as ""+∞"" — misleading with zero observations."
R2-494,null_perms_reaching_kge7,0 out of 5,trials producing K≥7,deterministic,asserts-own,F4,66,"Can only say ""0 out of 5 trials produced K≥7."""
R2-495,vocab_plddt_frequent,2,"pLDDT bins frequent at min_count=8 (plddt_mean_med, plddt_mean_high)",deterministic,asserts-own,F4,70,Only 2 are frequent at min_count=8: `plddt_mean_med` and `plddt_mean_high`.
R2-496,vocab_items_infrequent,4,defined bins with < 8 proteins,deterministic,asserts-own,F4,70,The item mapping defines 6 bins but 4 have < 8 proteins.
R2-497,vocab_plddt_infrequent_support,< 8,proteins in each of the 4 infrequent bins,deterministic,asserts-own,F4,70,The item mapping defines 6 bins but 4 have < 8 proteins.
R2-498,run_v35k_16p8b_bug_levels,K=1 through K=8,Run 2 levels reported from the pre-fix (NCCL int32 bug) run,deterministic,disputes,F4,74,K=1 through K=8 numbers for Run 2 come from a run with the NCCL int32 bug present
R2-499,sw_nccl_overflow_fix_commit,f8c56cb5,commit fixing the NCCL int32 bug,software,asserts-own,F4,74,(fixed later in commit f8c56cb5)
R2-500,sw_nccl_per_gpu_count_bound,< 2^31,"per-GPU counts (PROJECT_STATE's correctness argument, not re-verified)",software,disputes,F4,74,"PROJECT_STATE argues correctness because per-GPU counts < 2^31, but this was not independently verified by re-running."
R2-501,meta_review_mar23_citations_spot_checked,6 (0 hallucinated),"citations spot-checked: Jumper 2021, Agrawal 1994, Han 2000, Chon 2018, Abramson 2024, Naulaerts 2015",external-fact,asserts-own,F4,80,"Spot-checked sample: Jumper 2021, Agrawal 1994, Han 2000, Chon 2018, Abramson 2024, Naulaerts 2015 — all verified correct."
R2-502,run_v35k_16p8b_itemsets,16.8 billion,itemsets (Run 2 / expanded),deterministic,quotes-paper,F4,86,16.8 billion itemsets across 109M proteins is a real achievement.
R2-503,run_v35k_n_transactions,109M,proteins (Run 2 / expanded),deterministic,quotes-paper,F4,86,16.8 billion itemsets across 109M proteins is a real achievement.
R2-504,run_opus_kmax,K=22,the K=22 finding,deterministic,quotes-paper,F4,86,The K=22 finding is compelling.
R2-505,vocab_composition,500/500/2,required Table 1 fix,deterministic,requests,F4,89,1. Fix Table 1: 500/500/2
