qkey,category,unit,description,claimed_value_tex,tex_lines,reproducibility
run_ultra_min_count_nominal,method-parameter,proteins,"Script-printed nominal minimum count of the Ultra run (beyond_mining.log 'Min proteins: ~15' / 'Min support count: 15 proteins' = floor(2e-7 x 76,890,945) = 15); the miner-applied threshold on the same log line block is run_ultra_min_count = 16.",log:~15 / 15,beyond_mining.log:3;beyond_mining.log:7,derived
run_ultra_max_length,method-parameter,K,Maximum itemset length configured for the Ultra run ('Max K: 25'; the run terminated naturally at K=20).,log:25,beyond_mining.log:4,setup
run_ultra_time_s,hardware-dependent,s,Wall-clock of the Ultra run in seconds as printed ('COMPLETE in 281.0s (4.7 min)'); = run_ultra_time_min x 60.,log:281.0,beyond_mining.log:32,hardware
run_ultra_bytes,software,bytes,"Size of the Ultra run's output parquet (/root/alphafold-data/full_214m/itemsets_214m_beyond.parquet, 49,989,864 bytes).","log:49,989,864",beyond_mining.log:57,rerun
run_blitz_support,method-parameter,fraction,Minimum support of the Blitz run as a fraction ('Support: 1e-06 (0.0001%)'); = run_blitz_support_pct / 100.,log:1e-06,direct_mining.log:3,setup
run_blitz_max_length,method-parameter,K,Maximum itemset length configured for the Blitz run ('Max K: 20'; the run terminated naturally at K=19).,log:20,direct_mining.log:4,setup
run_blitz_min_count_nominal,method-parameter,proteins,"Script-printed 'Min support count: 76 proteins' of the Blitz run (= floor(1e-6 x 76,890,945)); the miner-applied threshold is run_blitz_min_count = 77.",log:76,direct_mining.log:10,derived
run_blitz_load_time_s,hardware-dependent,s,Parquet load time of the Blitz run ('Load time: 0.5s').,log:0.5,direct_mining.log:11,hardware
run_blitz_time_s,hardware-dependent,s,Mining wall-clock of the Blitz run in seconds ('MINING COMPLETE in 119.3s (2.0 min)'); = run_blitz_time_min x 60.,log:119.3,direct_mining.log:37,hardware
run_blitz_total_time_s,hardware-dependent,s,Total wall-clock of the Blitz run including parquet load ('Total time: 120.6s (2.0 min)').,log:120.6,direct_mining.log:38,hardware
run_blitz_bytes,software,bytes,"Size of the Blitz run's output parquet (/root/alphafold-data/full_214m/itemsets_214m_direct.parquet, 12,177,502 bytes).","log:12,177,502",direct_mining.log:63,rerun
run_power_son_max_length,method-parameter,K,Maximum itemset length configured for the Power SON run (extreme_mining.log banner 'MAX LENGTH 20'; the run reached K=13).,log:20,extreme_mining.log:8,setup
run_opus_time_s,hardware-dependent,s,"Wall-clock of the Opus run in seconds ('26,849,505 itemsets in 440.5s'); = run_opus_time_min x 60.",log:440.5,godmode_mining.log:28,hardware
run_opus_bytes,software,bytes,"Size of the Opus run's output parquet ('Saved: 85,131,478 bytes'; path not printed).","log:85,131,478",godmode_mining.log:29,rerun
run_hmb_min_count,method-parameter,proteins,"Nominal minimum count of the holdmybeer run ('support = 4 proteins / 76.9M' and 'support=0.000000052 (~4 proteins)'); the miner-applied count is not printed (5.2e-8 x 76,890,945 = 3.998, 5.2e-8 x 205,620,298 = 10.69).",log:4 / ~4,holdmybeer.log:3;holdmybeer.log:8,derived
run_hmb_support_pct,method-parameter,%,Nominal support of the holdmybeer run in percent ('4 proteins / 76.9M = 0.000005%').,log:0.000005,holdmybeer.log:3,derived
run_hmb_target_k,method-parameter,K,Target itemset length announced by the holdmybeer run ('Target: K=23+'); K=21 was reached.,log:23+,holdmybeer.log:4,setup
run_hmb_support,method-parameter,fraction,Minimum support fraction passed to the miner by the holdmybeer run ('Mining at support=0.000000052').,log:0.000000052,holdmybeer.log:8,setup
run_hmb_itemsets,deterministic,itemsets,"Frequent itemsets found by the holdmybeer run (18,935,899).","log:18,935,899",holdmybeer.log:10;holdmybeer.log:40,rerun
run_hmb_time_s,hardware-dependent,s,"Wall-clock of the holdmybeer run ('18,935,899 itemsets in 573.1s').",log:573.1,holdmybeer.log:10,hardware
run_hmb_bytes,software,bytes,"Size of the holdmybeer run's output parquet ('Saved: 63,377,870 bytes'; path not printed).","log:63,377,870",holdmybeer.log:11,rerun
run_hmb_kmax,deterministic,K,Maximum itemset length reached by the holdmybeer run ('MAX K = 21').,log:21,holdmybeer.log:36,rerun
run_minc4_min_count,method-parameter,proteins,"Minimum count of the holdmybeer_real run ('min_count = 4 proteins (for real)', verified as ceil(1.9453e-08 x 205620298) = 4).",log:4,holdmybeer_real.log:3;holdmybeer_real.log:6,setup
run_minc4_support,method-parameter,fraction,"Minimum support fraction of the holdmybeer_real run (1.945333237480280e-08 = 4 / 205,620,298; denominator = dataset_plddt_pass, not dataset_multi_feature).",log:1.945333237480280e-08,holdmybeer_real.log:5,derived
run_minc4_itemsets,deterministic,itemsets,"Frequent itemsets found by the holdmybeer_real run (48,007,493).","log:48,007,493",holdmybeer_real.log:8;holdmybeer_real.log:70,rerun
run_minc4_time_s,hardware-dependent,s,"Wall-clock of the holdmybeer_real run ('48,007,493 itemsets in 1228.5s').",log:1228.5,holdmybeer_real.log:8,hardware
run_minc4_bytes,software,bytes,"Size of the holdmybeer_real run's output parquet ('Saved: 149,590,799 bytes'; path not printed).","log:149,590,799",holdmybeer_real.log:9,rerun
run_minc4_kmax,deterministic,K,Maximum itemset length reached by the holdmybeer_real run ('MAX K = 22').,log:22,holdmybeer_real.log:35,rerun
run_minc3_min_count,method-parameter,proteins,"Minimum count of the yolo run ('YOLO MODE - min_count = 3', verified as ceil(1.459e-08 x 205620298) = 3); the log contains no results.",log:3,yolo.log:2;yolo.log:6,setup
run_minc3_target_k,method-parameter,K,Target itemset length of the yolo run ('The DEFINITIVE answer to K=23').,log:23,yolo.log:3,setup
run_minc3_support,method-parameter,fraction,"Minimum support fraction of the yolo run (1.458999928110210e-08 = 3 / 205,620,298; denominator = dataset_plddt_pass).",log:1.458999928110210e-08,yolo.log:5,derived
run_madman_support_pct,method-parameter,%,"Support threshold of the aborted madman SON run (0.0001%, the Blitz threshold; madman_mining.log ends without results).",log:0.0001,madman_mining.log:1;madman_mining.log:6,setup
run_madman_min_count,method-parameter,proteins,"Script-printed minimum count of the madman run ('Min support = 0.0001% = 76 proteins' = floor(1e-6 x 76,890,945)).",log:76,madman_mining.log:4,derived
run_madman_max_length,method-parameter,K,Maximum itemset length configured for the madman run (banner 'MAX LENGTH 20').,log:20,madman_mining.log:7,setup
run_base_son_time_s,hardware-dependent,s,"Wall-clock of the Base SON run (pipeline_214m.log Step 3, 'Time: 113.9s'); = run_base_time_min x 60.",log:113.9,pipeline_214m.log:2297;watcher.log:2306,hardware
run_super_son_time_s,hardware-dependent,s,"Wall-clock of the Super SON run (ultra_mining.log, 'Time: 257.6s'); = run_super_time_min x 60.",log:257.6,ultra_mining.log:12,hardware
kdist_ultra_k1_count,deterministic,itemsets,Frequent itemsets of length K=1 in the Ultra run (beyond_mining.log per-K line and K-distribution block).,"log:1,002",beyond_mining.log:11;beyond_mining.log:36,rerun
kdist_ultra_k2_count,deterministic,itemsets,Frequent itemsets of length K=2 in the Ultra run (beyond_mining.log per-K line and K-distribution block).,"log:60,088",beyond_mining.log:12;beyond_mining.log:37,rerun
kdist_ultra_k3_count,deterministic,itemsets,Frequent itemsets of length K=3 in the Ultra run (beyond_mining.log per-K line and K-distribution block).,"log:356,691",beyond_mining.log:13;beyond_mining.log:38,rerun
kdist_ultra_k4_count,deterministic,itemsets,Frequent itemsets of length K=4 in the Ultra run (beyond_mining.log per-K line and K-distribution block).,"log:894,903",beyond_mining.log:14;beyond_mining.log:39,rerun
kdist_ultra_k5_count,deterministic,itemsets,Frequent itemsets of length K=5 in the Ultra run (beyond_mining.log per-K line and K-distribution block).,"log:1,421,780",beyond_mining.log:15;beyond_mining.log:40,rerun
kdist_ultra_k6_count,deterministic,itemsets,Frequent itemsets of length K=6 in the Ultra run (beyond_mining.log per-K line and K-distribution block).,"log:1,794,852",beyond_mining.log:16;beyond_mining.log:41,rerun
kdist_ultra_k7_count,deterministic,itemsets,Frequent itemsets of length K=7 in the Ultra run (beyond_mining.log per-K line and K-distribution block).,"log:2,006,312",beyond_mining.log:17;beyond_mining.log:42,rerun
kdist_ultra_k8_count,deterministic,itemsets,Frequent itemsets of length K=8 in the Ultra run (beyond_mining.log per-K line and K-distribution block).,"log:2,053,858",beyond_mining.log:18;beyond_mining.log:43,rerun
kdist_ultra_k9_count,deterministic,itemsets,Frequent itemsets of length K=9 in the Ultra run (beyond_mining.log per-K line and K-distribution block).,"log:1,912,672",beyond_mining.log:19;beyond_mining.log:44,rerun
kdist_ultra_k10_count,deterministic,itemsets,Frequent itemsets of length K=10 in the Ultra run (beyond_mining.log per-K line and K-distribution block).,"log:1,587,145",beyond_mining.log:20;beyond_mining.log:45,rerun
kdist_ultra_k11_count,deterministic,itemsets,Frequent itemsets of length K=11 in the Ultra run (beyond_mining.log per-K line and K-distribution block).,"log:1,148,998",beyond_mining.log:21;beyond_mining.log:46,rerun
kdist_ultra_k12_count,deterministic,itemsets,Frequent itemsets of length K=12 in the Ultra run (beyond_mining.log per-K line and K-distribution block).,"log:712,433",beyond_mining.log:22;beyond_mining.log:47,rerun
kdist_ultra_k13_count,deterministic,itemsets,Frequent itemsets of length K=13 in the Ultra run (beyond_mining.log per-K line and K-distribution block).,"log:371,981",beyond_mining.log:23;beyond_mining.log:48,rerun
kdist_ultra_k14_count,deterministic,itemsets,Frequent itemsets of length K=14 in the Ultra run (beyond_mining.log per-K line and K-distribution block).,"log:160,675",beyond_mining.log:24;beyond_mining.log:49,rerun
kdist_ultra_k15_count,deterministic,itemsets,Frequent itemsets of length K=15 in the Ultra run (beyond_mining.log per-K line and K-distribution block).,"log:56,221",beyond_mining.log:25;beyond_mining.log:50,rerun
kdist_ultra_k16_count,deterministic,itemsets,Frequent itemsets of length K=16 in the Ultra run (beyond_mining.log per-K line and K-distribution block).,"log:15,501",beyond_mining.log:26;beyond_mining.log:51,rerun
kdist_ultra_k17_count,deterministic,itemsets,Frequent itemsets of length K=17 in the Ultra run (beyond_mining.log per-K line and K-distribution block).,"log:3,236",beyond_mining.log:27;beyond_mining.log:52,rerun
kdist_ultra_k18_count,deterministic,itemsets,Frequent itemsets of length K=18 in the Ultra run (beyond_mining.log per-K line and K-distribution block).,log:480,beyond_mining.log:28;beyond_mining.log:53,rerun
kdist_ultra_k19_count,deterministic,itemsets,Frequent itemsets of length K=19 in the Ultra run (beyond_mining.log per-K line and K-distribution block).,log:45,beyond_mining.log:29;beyond_mining.log:54,rerun
kdist_ultra_k20_count,deterministic,itemsets,Frequent itemsets of length K=20 in the Ultra run (beyond_mining.log per-K line and K-distribution block).,log:2,beyond_mining.log:30;beyond_mining.log:55,rerun
kdist_blitz_k1_count,deterministic,itemsets,Frequent itemsets of length K=1 in the Blitz run (direct_mining.log per-K line and K-distribution block).,"log:1,002",direct_mining.log:17;direct_mining.log:42,rerun
kdist_blitz_k2_count,deterministic,itemsets,Frequent itemsets of length K=2 in the Blitz run (direct_mining.log per-K line and K-distribution block).,"log:39,125",direct_mining.log:18;direct_mining.log:43,rerun
kdist_blitz_k3_count,deterministic,itemsets,Frequent itemsets of length K=3 in the Blitz run (direct_mining.log per-K line and K-distribution block).,"log:184,900",direct_mining.log:19;direct_mining.log:44,rerun
kdist_blitz_k4_count,deterministic,itemsets,Frequent itemsets of length K=4 in the Blitz run (direct_mining.log per-K line and K-distribution block).,"log:361,696",direct_mining.log:20;direct_mining.log:45,rerun
kdist_blitz_k5_count,deterministic,itemsets,Frequent itemsets of length K=5 in the Blitz run (direct_mining.log per-K line and K-distribution block).,"log:445,661",direct_mining.log:21;direct_mining.log:46,rerun
kdist_blitz_k6_count,deterministic,itemsets,Frequent itemsets of length K=6 in the Blitz run (direct_mining.log per-K line and K-distribution block).,"log:439,605",direct_mining.log:22;direct_mining.log:47,rerun
kdist_blitz_k7_count,deterministic,itemsets,Frequent itemsets of length K=7 in the Blitz run (direct_mining.log per-K line and K-distribution block).,"log:387,030",direct_mining.log:23;direct_mining.log:48,rerun
kdist_blitz_k8_count,deterministic,itemsets,Frequent itemsets of length K=8 in the Blitz run (direct_mining.log per-K line and K-distribution block).,"log:318,349",direct_mining.log:24;direct_mining.log:49,rerun
kdist_blitz_k9_count,deterministic,itemsets,Frequent itemsets of length K=9 in the Blitz run (direct_mining.log per-K line and K-distribution block).,"log:247,680",direct_mining.log:25;direct_mining.log:50,rerun
kdist_blitz_k10_count,deterministic,itemsets,Frequent itemsets of length K=10 in the Blitz run (direct_mining.log per-K line and K-distribution block).,"log:179,604",direct_mining.log:26;direct_mining.log:51,rerun
kdist_blitz_k11_count,deterministic,itemsets,Frequent itemsets of length K=11 in the Blitz run (direct_mining.log per-K line and K-distribution block).,"log:117,783",direct_mining.log:27;direct_mining.log:52,rerun
kdist_blitz_k12_count,deterministic,itemsets,Frequent itemsets of length K=12 in the Blitz run (direct_mining.log per-K line and K-distribution block).,"log:67,558",direct_mining.log:28;direct_mining.log:53,rerun
kdist_blitz_k13_count,deterministic,itemsets,Frequent itemsets of length K=13 in the Blitz run (direct_mining.log per-K line and K-distribution block).,"log:32,831",direct_mining.log:29;direct_mining.log:54,rerun
kdist_blitz_k14_count,deterministic,itemsets,Frequent itemsets of length K=14 in the Blitz run (direct_mining.log per-K line and K-distribution block).,"log:13,105",direct_mining.log:30;direct_mining.log:55,rerun
kdist_blitz_k15_count,deterministic,itemsets,Frequent itemsets of length K=15 in the Blitz run (direct_mining.log per-K line and K-distribution block).,"log:4,155",direct_mining.log:31;direct_mining.log:56,rerun
kdist_blitz_k16_count,deterministic,itemsets,Frequent itemsets of length K=16 in the Blitz run (direct_mining.log per-K line and K-distribution block).,"log:1,003",direct_mining.log:32;direct_mining.log:57,rerun
kdist_blitz_k17_count,deterministic,itemsets,Frequent itemsets of length K=17 in the Blitz run (direct_mining.log per-K line and K-distribution block).,log:173,direct_mining.log:33;direct_mining.log:58,rerun
kdist_blitz_k18_count,deterministic,itemsets,Frequent itemsets of length K=18 in the Blitz run (direct_mining.log per-K line and K-distribution block).,log:19,direct_mining.log:34;direct_mining.log:59,rerun
kdist_blitz_k19_count,deterministic,itemsets,Frequent itemsets of length K=19 in the Blitz run (direct_mining.log per-K line and K-distribution block).,log:1,direct_mining.log:35;direct_mining.log:60,rerun
kdist_power_son_k1_count,deterministic,itemsets,Frequent itemsets of length K=1 in the Power SON run (extreme_mining.log K-distribution; K=10..13 also restated as deepest-pattern block headers).,log:47,extreme_mining.log:14,rerun
kdist_power_son_k2_count,deterministic,itemsets,Frequent itemsets of length K=2 in the Power SON run (extreme_mining.log K-distribution; K=10..13 also restated as deepest-pattern block headers).,log:990,extreme_mining.log:15,rerun
kdist_power_son_k3_count,deterministic,itemsets,Frequent itemsets of length K=3 in the Power SON run (extreme_mining.log K-distribution; K=10..13 also restated as deepest-pattern block headers).,"log:3,392",extreme_mining.log:16,rerun
kdist_power_son_k4_count,deterministic,itemsets,Frequent itemsets of length K=4 in the Power SON run (extreme_mining.log K-distribution; K=10..13 also restated as deepest-pattern block headers).,"log:5,147",extreme_mining.log:17,rerun
kdist_power_son_k5_count,deterministic,itemsets,Frequent itemsets of length K=5 in the Power SON run (extreme_mining.log K-distribution; K=10..13 also restated as deepest-pattern block headers).,"log:5,024",extreme_mining.log:18,rerun
kdist_power_son_k6_count,deterministic,itemsets,Frequent itemsets of length K=6 in the Power SON run (extreme_mining.log K-distribution; K=10..13 also restated as deepest-pattern block headers).,"log:3,847",extreme_mining.log:19,rerun
kdist_power_son_k7_count,deterministic,itemsets,Frequent itemsets of length K=7 in the Power SON run (extreme_mining.log K-distribution; K=10..13 also restated as deepest-pattern block headers).,"log:2,433",extreme_mining.log:20,rerun
kdist_power_son_k8_count,deterministic,itemsets,Frequent itemsets of length K=8 in the Power SON run (extreme_mining.log K-distribution; K=10..13 also restated as deepest-pattern block headers).,"log:1,253",extreme_mining.log:21,rerun
kdist_power_son_k9_count,deterministic,itemsets,Frequent itemsets of length K=9 in the Power SON run (extreme_mining.log K-distribution; K=10..13 also restated as deepest-pattern block headers).,log:492,extreme_mining.log:22,rerun
kdist_power_son_k10_count,deterministic,itemsets,Frequent itemsets of length K=10 in the Power SON run (extreme_mining.log K-distribution; K=10..13 also restated as deepest-pattern block headers).,log:160,extreme_mining.log:23;extreme_mining.log:61,rerun
kdist_power_son_k11_count,deterministic,itemsets,Frequent itemsets of length K=11 in the Power SON run (extreme_mining.log K-distribution; K=10..13 also restated as deepest-pattern block headers).,log:48,extreme_mining.log:24;extreme_mining.log:49,rerun
kdist_power_son_k12_count,deterministic,itemsets,Frequent itemsets of length K=12 in the Power SON run (extreme_mining.log K-distribution; K=10..13 also restated as deepest-pattern block headers).,log:11,extreme_mining.log:25;extreme_mining.log:37,rerun
kdist_power_son_k13_count,deterministic,itemsets,Frequent itemsets of length K=13 in the Power SON run (extreme_mining.log K-distribution; K=10..13 also restated as deepest-pattern block headers).,log:2,extreme_mining.log:26;extreme_mining.log:31,rerun
kdist_super_son_k1_count,deterministic,itemsets,Frequent itemsets of length K=1 in the Super SON run (ultra_mining.log K-distribution).,log:455,ultra_mining.log:14,rerun
kdist_super_son_k2_count,deterministic,itemsets,Frequent itemsets of length K=2 in the Super SON run (ultra_mining.log K-distribution).,"log:4,152",ultra_mining.log:15,rerun
kdist_super_son_k3_count,deterministic,itemsets,Frequent itemsets of length K=3 in the Super SON run (ultra_mining.log K-distribution).,"log:8,936",ultra_mining.log:16,rerun
kdist_super_son_k4_count,deterministic,itemsets,Frequent itemsets of length K=4 in the Super SON run (ultra_mining.log K-distribution).,"log:10,191",ultra_mining.log:17,rerun
kdist_super_son_k5_count,deterministic,itemsets,Frequent itemsets of length K=5 in the Super SON run (ultra_mining.log K-distribution).,"log:9,153",ultra_mining.log:18,rerun
kdist_super_son_k6_count,deterministic,itemsets,Frequent itemsets of length K=6 in the Super SON run (ultra_mining.log K-distribution).,"log:7,177",ultra_mining.log:19,rerun
kdist_super_son_k7_count,deterministic,itemsets,Frequent itemsets of length K=7 in the Super SON run (ultra_mining.log K-distribution).,"log:5,217",ultra_mining.log:20,rerun
kdist_super_son_k8_count,deterministic,itemsets,Frequent itemsets of length K=8 in the Super SON run (ultra_mining.log K-distribution).,"log:3,208",ultra_mining.log:21,rerun
kdist_super_son_k9_count,deterministic,itemsets,Frequent itemsets of length K=9 in the Super SON run (ultra_mining.log K-distribution).,"log:1,651",ultra_mining.log:22,rerun
kdist_super_son_k10_count,deterministic,itemsets,Frequent itemsets of length K=10 in the Super SON run (ultra_mining.log K-distribution).,log:707,ultra_mining.log:23,rerun
kdist_super_son_k11_count,deterministic,itemsets,Frequent itemsets of length K=11 in the Super SON run (ultra_mining.log K-distribution).,log:222,ultra_mining.log:24,rerun
kdist_super_son_k12_count,deterministic,itemsets,Frequent itemsets of length K=12 in the Super SON run (ultra_mining.log K-distribution).,log:48,ultra_mining.log:25,rerun
kdist_super_son_k13_count,deterministic,itemsets,Frequent itemsets of length K=13 in the Super SON run (ultra_mining.log K-distribution).,log:7,ultra_mining.log:26,rerun
kdist_base_son_k1_count,deterministic,itemsets,Frequent itemsets of length K=1 in the Base SON run (pipeline_214m.log Step 3 K-distribution; watcher.log copy).,log:667,pipeline_214m.log:2299;watcher.log:2308,rerun
kdist_base_son_k2_count,deterministic,itemsets,Frequent itemsets of length K=2 in the Base SON run (pipeline_214m.log Step 3 K-distribution; watcher.log copy).,"log:1,504",pipeline_214m.log:2300;watcher.log:2309,rerun
kdist_base_son_k3_count,deterministic,itemsets,Frequent itemsets of length K=3 in the Base SON run (pipeline_214m.log Step 3 K-distribution; watcher.log copy).,"log:1,378",pipeline_214m.log:2301;watcher.log:2310,rerun
kdist_base_son_k4_count,deterministic,itemsets,Frequent itemsets of length K=4 in the Base SON run (pipeline_214m.log Step 3 K-distribution; watcher.log copy).,log:884,pipeline_214m.log:2302;watcher.log:2311,rerun
kdist_base_son_k5_count,deterministic,itemsets,Frequent itemsets of length K=5 in the Base SON run (pipeline_214m.log Step 3 K-distribution; watcher.log copy).,log:514,pipeline_214m.log:2303;watcher.log:2312,rerun
kdist_base_son_k6_count,deterministic,itemsets,Frequent itemsets of length K=6 in the Base SON run (pipeline_214m.log Step 3 K-distribution; watcher.log copy).,log:247,pipeline_214m.log:2304;watcher.log:2313,rerun
kdist_base_son_k7_count,deterministic,itemsets,Frequent itemsets of length K=7 in the Base SON run (pipeline_214m.log Step 3 K-distribution; watcher.log copy).,log:89,pipeline_214m.log:2305;watcher.log:2314,rerun
kdist_base_son_k8_count,deterministic,itemsets,Frequent itemsets of length K=8 in the Base SON run (pipeline_214m.log Step 3 K-distribution; watcher.log copy).,log:20,pipeline_214m.log:2306;watcher.log:2315,rerun
kdist_base_son_k9_count,deterministic,itemsets,Frequent itemsets of length K=9 in the Base SON run (pipeline_214m.log Step 3 K-distribution; watcher.log copy).,log:2,pipeline_214m.log:2307;watcher.log:2316,rerun
kdist_hmb_k1_count,deterministic,itemsets,Frequent itemsets of length K=1 in the holdmybeer run (holdmybeer.log K-distribution).,"log:1,002",holdmybeer.log:14,rerun
kdist_hmb_k2_count,deterministic,itemsets,Frequent itemsets of length K=2 in the holdmybeer run (holdmybeer.log K-distribution).,"log:66,703",holdmybeer.log:15,rerun
kdist_hmb_k3_count,deterministic,itemsets,Frequent itemsets of length K=3 in the holdmybeer run (holdmybeer.log K-distribution).,"log:403,157",holdmybeer.log:16,rerun
kdist_hmb_k4_count,deterministic,itemsets,Frequent itemsets of length K=4 in the holdmybeer run (holdmybeer.log K-distribution).,"log:1,030,353",holdmybeer.log:17,rerun
kdist_hmb_k5_count,deterministic,itemsets,Frequent itemsets of length K=5 in the holdmybeer run (holdmybeer.log K-distribution).,"log:1,664,538",holdmybeer.log:18,rerun
kdist_hmb_k6_count,deterministic,itemsets,Frequent itemsets of length K=6 in the holdmybeer run (holdmybeer.log K-distribution).,"log:2,134,446",holdmybeer.log:19,rerun
kdist_hmb_k7_count,deterministic,itemsets,Frequent itemsets of length K=7 in the holdmybeer run (holdmybeer.log K-distribution).,"log:2,434,007",holdmybeer.log:20,rerun
kdist_hmb_k8_count,deterministic,itemsets,Frequent itemsets of length K=8 in the holdmybeer run (holdmybeer.log K-distribution).,"log:2,567,214",holdmybeer.log:21,rerun
kdist_hmb_k9_count,deterministic,itemsets,Frequent itemsets of length K=9 in the holdmybeer run (holdmybeer.log K-distribution).,"log:2,493,943",holdmybeer.log:22,rerun
kdist_hmb_k10_count,deterministic,itemsets,Frequent itemsets of length K=10 in the holdmybeer run (holdmybeer.log K-distribution).,"log:2,185,067",holdmybeer.log:23,rerun
kdist_hmb_k11_count,deterministic,itemsets,Frequent itemsets of length K=11 in the holdmybeer run (holdmybeer.log K-distribution).,"log:1,689,219",holdmybeer.log:24,rerun
kdist_hmb_k12_count,deterministic,itemsets,Frequent itemsets of length K=12 in the holdmybeer run (holdmybeer.log K-distribution).,"log:1,131,603",holdmybeer.log:25,rerun
kdist_hmb_k13_count,deterministic,itemsets,Frequent itemsets of length K=13 in the holdmybeer run (holdmybeer.log K-distribution).,"log:646,988",holdmybeer.log:26,rerun
kdist_hmb_k14_count,deterministic,itemsets,Frequent itemsets of length K=14 in the holdmybeer run (holdmybeer.log K-distribution).,"log:311,183",holdmybeer.log:27,rerun
kdist_hmb_k15_count,deterministic,itemsets,Frequent itemsets of length K=15 in the holdmybeer run (holdmybeer.log K-distribution).,"log:123,916",holdmybeer.log:28,rerun
kdist_hmb_k16_count,deterministic,itemsets,Frequent itemsets of length K=16 in the holdmybeer run (holdmybeer.log K-distribution).,"log:40,051",holdmybeer.log:29,rerun
kdist_hmb_k17_count,deterministic,itemsets,Frequent itemsets of length K=17 in the holdmybeer run (holdmybeer.log K-distribution).,"log:10,227",holdmybeer.log:30,rerun
kdist_hmb_k18_count,deterministic,itemsets,Frequent itemsets of length K=18 in the holdmybeer run (holdmybeer.log K-distribution).,"log:1,983",holdmybeer.log:31,rerun
kdist_hmb_k19_count,deterministic,itemsets,Frequent itemsets of length K=19 in the holdmybeer run (holdmybeer.log K-distribution).,log:274,holdmybeer.log:32,rerun
kdist_hmb_k20_count,deterministic,itemsets,Frequent itemsets of length K=20 in the holdmybeer run (holdmybeer.log K-distribution).,log:24,holdmybeer.log:33,rerun
kdist_hmb_k21_count,deterministic,itemsets,Frequent itemsets of length K=21 in the holdmybeer run (holdmybeer.log K-distribution).,log:1,holdmybeer.log:34,rerun
kdist_minc4_k1_count,deterministic,itemsets,Frequent itemsets of length K=1 in the holdmybeer_real run (holdmybeer_real.log K-distribution; K=20..22 also restated as pattern-block headers).,"log:1,002",holdmybeer_real.log:12,rerun
kdist_minc4_k2_count,deterministic,itemsets,Frequent itemsets of length K=2 in the holdmybeer_real run (holdmybeer_real.log K-distribution; K=20..22 also restated as pattern-block headers).,"log:94,427",holdmybeer_real.log:13,rerun
kdist_minc4_k3_count,deterministic,itemsets,Frequent itemsets of length K=3 in the holdmybeer_real run (holdmybeer_real.log K-distribution; K=20..22 also restated as pattern-block headers).,"log:603,403",holdmybeer_real.log:14,rerun
kdist_minc4_k4_count,deterministic,itemsets,Frequent itemsets of length K=4 in the holdmybeer_real run (holdmybeer_real.log K-distribution; K=20..22 also restated as pattern-block headers).,"log:1,649,283",holdmybeer_real.log:15,rerun
kdist_minc4_k5_count,deterministic,itemsets,Frequent itemsets of length K=5 in the holdmybeer_real run (holdmybeer_real.log K-distribution; K=20..22 also restated as pattern-block headers).,"log:2,916,124",holdmybeer_real.log:16,rerun
kdist_minc4_k6_count,deterministic,itemsets,Frequent itemsets of length K=6 in the holdmybeer_real run (holdmybeer_real.log K-distribution; K=20..22 also restated as pattern-block headers).,"log:4,169,081",holdmybeer_real.log:17,rerun
kdist_minc4_k7_count,deterministic,itemsets,Frequent itemsets of length K=7 in the holdmybeer_real run (holdmybeer_real.log K-distribution; K=20..22 also restated as pattern-block headers).,"log:5,318,506",holdmybeer_real.log:18,rerun
kdist_minc4_k8_count,deterministic,itemsets,Frequent itemsets of length K=8 in the holdmybeer_real run (holdmybeer_real.log K-distribution; K=20..22 also restated as pattern-block headers).,"log:6,223,873",holdmybeer_real.log:19,rerun
kdist_minc4_k9_count,deterministic,itemsets,Frequent itemsets of length K=9 in the holdmybeer_real run (holdmybeer_real.log K-distribution; K=20..22 also restated as pattern-block headers).,"log:6,644,170",holdmybeer_real.log:20,rerun
kdist_minc4_k10_count,deterministic,itemsets,Frequent itemsets of length K=10 in the holdmybeer_real run (holdmybeer_real.log K-distribution; K=20..22 also restated as pattern-block headers).,"log:6,362,841",holdmybeer_real.log:21,rerun
kdist_minc4_k11_count,deterministic,itemsets,Frequent itemsets of length K=11 in the holdmybeer_real run (holdmybeer_real.log K-distribution; K=20..22 also restated as pattern-block headers).,"log:5,373,365",holdmybeer_real.log:22,rerun
kdist_minc4_k12_count,deterministic,itemsets,Frequent itemsets of length K=12 in the holdmybeer_real run (holdmybeer_real.log K-distribution; K=20..22 also restated as pattern-block headers).,"log:3,943,668",holdmybeer_real.log:23,rerun
kdist_minc4_k13_count,deterministic,itemsets,Frequent itemsets of length K=13 in the holdmybeer_real run (holdmybeer_real.log K-distribution; K=20..22 also restated as pattern-block headers).,"log:2,484,117",holdmybeer_real.log:24,rerun
kdist_minc4_k14_count,deterministic,itemsets,Frequent itemsets of length K=14 in the holdmybeer_real run (holdmybeer_real.log K-distribution; K=20..22 also restated as pattern-block headers).,"log:1,327,096",holdmybeer_real.log:25,rerun
kdist_minc4_k15_count,deterministic,itemsets,Frequent itemsets of length K=15 in the holdmybeer_real run (holdmybeer_real.log K-distribution; K=20..22 also restated as pattern-block headers).,"log:593,694",holdmybeer_real.log:26,rerun
kdist_minc4_k16_count,deterministic,itemsets,Frequent itemsets of length K=16 in the holdmybeer_real run (holdmybeer_real.log K-distribution; K=20..22 also restated as pattern-block headers).,"log:219,052",holdmybeer_real.log:27,rerun
kdist_minc4_k17_count,deterministic,itemsets,Frequent itemsets of length K=17 in the holdmybeer_real run (holdmybeer_real.log K-distribution; K=20..22 also restated as pattern-block headers).,"log:65,356",holdmybeer_real.log:28,rerun
kdist_minc4_k18_count,deterministic,itemsets,Frequent itemsets of length K=18 in the holdmybeer_real run (holdmybeer_real.log K-distribution; K=20..22 also restated as pattern-block headers).,"log:15,343",holdmybeer_real.log:29,rerun
kdist_minc4_k19_count,deterministic,itemsets,Frequent itemsets of length K=19 in the holdmybeer_real run (holdmybeer_real.log K-distribution; K=20..22 also restated as pattern-block headers).,"log:2,722",holdmybeer_real.log:30,rerun
kdist_minc4_k20_count,deterministic,itemsets,Frequent itemsets of length K=20 in the holdmybeer_real run (holdmybeer_real.log K-distribution; K=20..22 also restated as pattern-block headers).,log:342,holdmybeer_real.log:31;holdmybeer_real.log:57,rerun
kdist_minc4_k21_count,deterministic,itemsets,Frequent itemsets of length K=21 in the holdmybeer_real run (holdmybeer_real.log K-distribution; K=20..22 also restated as pattern-block headers).,log:27,holdmybeer_real.log:32;holdmybeer_real.log:43,rerun
kdist_minc4_k22_count,deterministic,itemsets,Frequent itemsets of length K=22 in the holdmybeer_real run (holdmybeer_real.log K-distribution; K=20..22 also restated as pattern-block headers).,log:1,holdmybeer_real.log:33;holdmybeer_real.log:37,rerun
pattern_power_son_k13_1_support,deterministic,proteins,"Support count (proteins) of the 1st listed K=13 itemset of the Power SON run (extreme_mining.log 'DEEPEST PATTERNS' block): plddt_mean_med + PF00271 + PF00270 + GO:0005524 + GO:0005737 + GO:0003677 + GO:0016787 + GO:0006281 + GO:0006310 + GO:0006260 + GO:0009432 + ... (13 members). Candidate for the paper's K=13 'Helicase-Recombinase DNA Repair Module' (pattern_k13_support ~11,000; the paper lists no members, and pattern #2 fits equally).","log:10,916",extreme_mining.log:32,rerun
pattern_power_son_k13_1_support_frac,deterministic,fraction,"Support fraction of the 1st listed K=13 itemset of the Power SON run (extreme_mining.log 'DEEPEST PATTERNS' block): plddt_mean_med + PF00271 + PF00270 + GO:0005524 + GO:0005737 + GO:0003677 + GO:0016787 + GO:0006281 + GO:0006310 + GO:0006260 + GO:0009432 + ... (13 members). Fraction = count / 76,890,945.",log:0.000142,extreme_mining.log:32,derived
pattern_power_son_k13_2_support,deterministic,proteins,"Support count (proteins) of the 2nd listed K=13 itemset of the Power SON run (extreme_mining.log 'DEEPEST PATTERNS' block): plddt_mean_med + PF00271 + PF00270 + GO:0005524 + GO:0046872 + GO:0005737 + GO:0003677 + GO:0016787 + GO:0006281 + GO:0006260 + GO:0009432 + ... (13 members). Candidate for the paper's K=13 'Helicase-Recombinase DNA Repair Module' (pattern_k13_support ~11,000; the paper lists no members, and pattern #1 fits equally).","log:10,913",extreme_mining.log:34,rerun
pattern_power_son_k13_2_support_frac,deterministic,fraction,"Support fraction of the 2nd listed K=13 itemset of the Power SON run (extreme_mining.log 'DEEPEST PATTERNS' block): plddt_mean_med + PF00271 + PF00270 + GO:0005524 + GO:0046872 + GO:0005737 + GO:0003677 + GO:0016787 + GO:0006281 + GO:0006260 + GO:0009432 + ... (13 members). Fraction = count / 76,890,945.",log:0.000142,extreme_mining.log:34,derived
pattern_power_son_k12_1_support,deterministic,proteins,Support count (proteins) of the 1st listed K=12 itemset of the Power SON run (extreme_mining.log 'DEEPEST PATTERNS' block): PF00271 + PF00270 + GO:0005524 + GO:0046872 + GO:0005737 + GO:0003677 + GO:0016787 + GO:0006281 + GO:0006310 + GO:0006260 + GO:0009432 + ... (12 members).,"log:11,007",extreme_mining.log:38,rerun
pattern_power_son_k12_1_support_frac,deterministic,fraction,"Support fraction of the 1st listed K=12 itemset of the Power SON run (extreme_mining.log 'DEEPEST PATTERNS' block): PF00271 + PF00270 + GO:0005524 + GO:0046872 + GO:0005737 + GO:0003677 + GO:0016787 + GO:0006281 + GO:0006310 + GO:0006260 + GO:0009432 + ... (12 members). Fraction = count / 76,890,945.",log:0.000143,extreme_mining.log:38,derived
pattern_power_son_k12_2_support,deterministic,proteins,Support count (proteins) of the 2nd listed K=12 itemset of the Power SON run (extreme_mining.log 'DEEPEST PATTERNS' block): plddt_mean_med + PF00271 + PF00270 + GO:0005524 + GO:0046872 + GO:0005737 + GO:0003677 + GO:0016787 + GO:0006281 + GO:0006310 + GO:0009432 + ... (12 members).,"log:10,978",extreme_mining.log:40,rerun
pattern_power_son_k12_2_support_frac,deterministic,fraction,"Support fraction of the 2nd listed K=12 itemset of the Power SON run (extreme_mining.log 'DEEPEST PATTERNS' block): plddt_mean_med + PF00271 + PF00270 + GO:0005524 + GO:0046872 + GO:0005737 + GO:0003677 + GO:0016787 + GO:0006281 + GO:0006310 + GO:0009432 + ... (12 members). Fraction = count / 76,890,945.",log:0.000143,extreme_mining.log:40,derived
pattern_power_son_k12_3_support,deterministic,proteins,Support count (proteins) of the 3rd listed K=12 itemset of the Power SON run (extreme_mining.log 'DEEPEST PATTERNS' block): plddt_mean_med + PF00271 + PF00270 + GO:0005524 + GO:0046872 + GO:0005737 + GO:0016787 + GO:0006310 + GO:0006260 + GO:0009432 + GO:0043138 + ... (12 members).,"log:10,913",extreme_mining.log:42,rerun
pattern_power_son_k12_3_support_frac,deterministic,fraction,"Support fraction of the 3rd listed K=12 itemset of the Power SON run (extreme_mining.log 'DEEPEST PATTERNS' block): plddt_mean_med + PF00271 + PF00270 + GO:0005524 + GO:0046872 + GO:0005737 + GO:0016787 + GO:0006310 + GO:0006260 + GO:0009432 + GO:0043138 + ... (12 members). Fraction = count / 76,890,945.",log:0.000142,extreme_mining.log:42,derived
pattern_power_son_k12_4_support,deterministic,proteins,Support count (proteins) of the 4th listed K=12 itemset of the Power SON run (extreme_mining.log 'DEEPEST PATTERNS' block): plddt_mean_med + PF00270 + GO:0005524 + GO:0046872 + GO:0005737 + GO:0003677 + GO:0016787 + GO:0006281 + GO:0006310 + GO:0009432 + GO:0043138 + ... (12 members).,"log:10,912",extreme_mining.log:44,rerun
pattern_power_son_k12_4_support_frac,deterministic,fraction,"Support fraction of the 4th listed K=12 itemset of the Power SON run (extreme_mining.log 'DEEPEST PATTERNS' block): plddt_mean_med + PF00270 + GO:0005524 + GO:0046872 + GO:0005737 + GO:0003677 + GO:0016787 + GO:0006281 + GO:0006310 + GO:0009432 + GO:0043138 + ... (12 members). Fraction = count / 76,890,945.",log:0.000142,extreme_mining.log:44,derived
pattern_power_son_k12_5_support_frac,deterministic,fraction,"Support fraction of the 5th listed K=12 itemset of the Power SON run (extreme_mining.log 'DEEPEST PATTERNS' block): PF00905 + PF00912 + GO:0005886 + GO:0006508 + GO:0071555 + GO:0008360 + GO:0009252 + GO:0030288 + GO:0046677 + GO:0008658 + GO:0009002 + ... (12 members). Its protein count (10,494) is keyed to the paper's pattern_k12_support (PF00905 + PF00912 = 'Bacterial Cell Wall Synthase', ~10,500). Fraction = count / 76,890,945.",log:0.000136,extreme_mining.log:46,derived
pattern_power_son_k11_1_support,deterministic,proteins,Support count (proteins) of the 1st listed K=11 itemset of the Power SON run (extreme_mining.log 'DEEPEST PATTERNS' block): plddt_mean_med + PF00271 + PF00270 + GO:0005524 + GO:0005737 + GO:0003677 + GO:0016787 + GO:0006281 + GO:0006310 + GO:0043138 + GO:0043590.,"log:17,686",extreme_mining.log:50,rerun
pattern_power_son_k11_1_support_frac,deterministic,fraction,"Support fraction of the 1st listed K=11 itemset of the Power SON run (extreme_mining.log 'DEEPEST PATTERNS' block): plddt_mean_med + PF00271 + PF00270 + GO:0005524 + GO:0005737 + GO:0003677 + GO:0016787 + GO:0006281 + GO:0006310 + GO:0043138 + GO:0043590. Fraction = count / 76,890,945.",log:0.000230,extreme_mining.log:50,derived
pattern_power_son_k11_2_support,deterministic,proteins,"Support count (proteins) of the 2nd listed K=11 itemset of the Power SON run (extreme_mining.log 'DEEPEST PATTERNS' block): plddt_mean_med + PF00004 + PF10431 + PF17871 + PF02861 + GO:0005524 + GO:0005737 + GO:0016887 + GO:0006508 + GO:0008233 + GO:0034605. Candidate for the paper's K=11 'AAA+ ATPase Proteasome Complex' (pattern_k11_support ~16,000; the paper lists no members, and pattern #3 fits equally).","log:15,886",extreme_mining.log:52,rerun
pattern_power_son_k11_2_support_frac,deterministic,fraction,"Support fraction of the 2nd listed K=11 itemset of the Power SON run (extreme_mining.log 'DEEPEST PATTERNS' block): plddt_mean_med + PF00004 + PF10431 + PF17871 + PF02861 + GO:0005524 + GO:0005737 + GO:0016887 + GO:0006508 + GO:0008233 + GO:0034605. Fraction = count / 76,890,945.",log:0.000207,extreme_mining.log:52,derived
pattern_power_son_k11_3_support,deterministic,proteins,"Support count (proteins) of the 3rd listed K=11 itemset of the Power SON run (extreme_mining.log 'DEEPEST PATTERNS' block): PF00004 + PF07724 + PF10431 + PF17871 + PF02861 + GO:0005524 + GO:0005737 + GO:0016887 + GO:0006508 + GO:0008233 + GO:0034605. Candidate for the paper's K=11 'AAA+ ATPase Proteasome Complex' (pattern_k11_support ~16,000; the paper lists no members, and pattern #2 fits equally).","log:15,886",extreme_mining.log:54,rerun
pattern_power_son_k11_3_support_frac,deterministic,fraction,"Support fraction of the 3rd listed K=11 itemset of the Power SON run (extreme_mining.log 'DEEPEST PATTERNS' block): PF00004 + PF07724 + PF10431 + PF17871 + PF02861 + GO:0005524 + GO:0005737 + GO:0016887 + GO:0006508 + GO:0008233 + GO:0034605. Fraction = count / 76,890,945.",log:0.000207,extreme_mining.log:54,derived
pattern_power_son_k11_4_support,deterministic,proteins,Support count (proteins) of the 4th listed K=11 itemset of the Power SON run (extreme_mining.log 'DEEPEST PATTERNS' block): PF00271 + PF00270 + GO:0005524 + GO:0046872 + GO:0005737 + GO:0003677 + GO:0016787 + GO:0006281 + GO:0006310 + GO:0043138 + GO:0043590.,"log:15,565",extreme_mining.log:56,rerun
pattern_power_son_k11_4_support_frac,deterministic,fraction,"Support fraction of the 4th listed K=11 itemset of the Power SON run (extreme_mining.log 'DEEPEST PATTERNS' block): PF00271 + PF00270 + GO:0005524 + GO:0046872 + GO:0005737 + GO:0003677 + GO:0016787 + GO:0006281 + GO:0006310 + GO:0043138 + GO:0043590. Fraction = count / 76,890,945.",log:0.000202,extreme_mining.log:56,derived
pattern_power_son_k11_5_support,deterministic,proteins,Support count (proteins) of the 5th listed K=11 itemset of the Power SON run (extreme_mining.log 'DEEPEST PATTERNS' block): plddt_mean_med + PF00271 + PF00270 + GO:0046872 + GO:0005737 + GO:0003677 + GO:0016787 + GO:0006281 + GO:0006310 + GO:0043138 + GO:0043590.,"log:15,167",extreme_mining.log:58,rerun
pattern_power_son_k11_5_support_frac,deterministic,fraction,"Support fraction of the 5th listed K=11 itemset of the Power SON run (extreme_mining.log 'DEEPEST PATTERNS' block): plddt_mean_med + PF00271 + PF00270 + GO:0046872 + GO:0005737 + GO:0003677 + GO:0016787 + GO:0006281 + GO:0006310 + GO:0043138 + GO:0043590. Fraction = count / 76,890,945.",log:0.000197,extreme_mining.log:58,derived
pattern_power_son_k10_1_support,deterministic,proteins,Support count (proteins) of the 1st listed K=10 itemset of the Power SON run (extreme_mining.log 'DEEPEST PATTERNS' block): plddt_mean_med + PF00004 + PF07724 + PF10431 + PF17871 + GO:0005524 + GO:0005737 + GO:0016887 + GO:0006508 + GO:0034605.,"log:18,425",extreme_mining.log:62,rerun
pattern_power_son_k10_1_support_frac,deterministic,fraction,"Support fraction of the 1st listed K=10 itemset of the Power SON run (extreme_mining.log 'DEEPEST PATTERNS' block): plddt_mean_med + PF00004 + PF07724 + PF10431 + PF17871 + GO:0005524 + GO:0005737 + GO:0016887 + GO:0006508 + GO:0034605. Fraction = count / 76,890,945.",log:0.000240,extreme_mining.log:62,derived
pattern_power_son_k10_2_support,deterministic,proteins,Support count (proteins) of the 2nd listed K=10 itemset of the Power SON run (extreme_mining.log 'DEEPEST PATTERNS' block): plddt_mean_med + PF00004 + PF07724 + PF10431 + GO:0005524 + GO:0005737 + GO:0016887 + GO:0006508 + GO:0008233 + GO:0034605.,"log:18,313",extreme_mining.log:64,rerun
pattern_power_son_k10_2_support_frac,deterministic,fraction,"Support fraction of the 2nd listed K=10 itemset of the Power SON run (extreme_mining.log 'DEEPEST PATTERNS' block): plddt_mean_med + PF00004 + PF07724 + PF10431 + GO:0005524 + GO:0005737 + GO:0016887 + GO:0006508 + GO:0008233 + GO:0034605. Fraction = count / 76,890,945.",log:0.000238,extreme_mining.log:64,derived
pattern_power_son_k10_3_support,deterministic,proteins,Support count (proteins) of the 3rd listed K=10 itemset of the Power SON run (extreme_mining.log 'DEEPEST PATTERNS' block): plddt_mean_med + PF00905 + PF00912 + GO:0005886 + GO:0006508 + GO:0071555 + GO:0009252 + GO:0008658 + GO:0009002 + GO:0008955.,"log:16,614",extreme_mining.log:66,rerun
pattern_power_son_k10_3_support_frac,deterministic,fraction,"Support fraction of the 3rd listed K=10 itemset of the Power SON run (extreme_mining.log 'DEEPEST PATTERNS' block): plddt_mean_med + PF00905 + PF00912 + GO:0005886 + GO:0006508 + GO:0071555 + GO:0009252 + GO:0008658 + GO:0009002 + GO:0008955. Fraction = count / 76,890,945.",log:0.000216,extreme_mining.log:66,derived
pattern_power_son_k10_4_support,deterministic,proteins,Support count (proteins) of the 4th listed K=10 itemset of the Power SON run (extreme_mining.log 'DEEPEST PATTERNS' block): plddt_mean_med + PF07724 + PF17871 + PF02861 + GO:0005524 + GO:0005737 + GO:0016887 + GO:0006508 + GO:0008233 + GO:0034605.,"log:16,029",extreme_mining.log:68,rerun
pattern_power_son_k10_4_support_frac,deterministic,fraction,"Support fraction of the 4th listed K=10 itemset of the Power SON run (extreme_mining.log 'DEEPEST PATTERNS' block): plddt_mean_med + PF07724 + PF17871 + PF02861 + GO:0005524 + GO:0005737 + GO:0016887 + GO:0006508 + GO:0008233 + GO:0034605. Fraction = count / 76,890,945.",log:0.000208,extreme_mining.log:68,derived
pattern_power_son_k10_5_support,deterministic,proteins,Support count (proteins) of the 5th listed K=10 itemset of the Power SON run (extreme_mining.log 'DEEPEST PATTERNS' block): plddt_mean_med + PF07724 + PF10431 + PF17871 + PF02861 + GO:0005524 + GO:0005737 + GO:0016887 + GO:0008233 + GO:0034605.,"log:15,936",extreme_mining.log:70,rerun
pattern_power_son_k10_5_support_frac,deterministic,fraction,"Support fraction of the 5th listed K=10 itemset of the Power SON run (extreme_mining.log 'DEEPEST PATTERNS' block): plddt_mean_med + PF07724 + PF10431 + PF17871 + PF02861 + GO:0005524 + GO:0005737 + GO:0016887 + GO:0008233 + GO:0034605. Fraction = count / 76,890,945.",log:0.000207,extreme_mining.log:70,derived
pattern_super_son_k2_1_support,deterministic,proteins,"Support count (proteins) of the 1st listed K=2 itemset of the Super SON run (ultra_mining.log 'DEEPEST PATTERNS' block, top-3 per K): plddt_mean_high + GO:0046872.","log:5,453,948",ultra_mining.log:32,rerun
pattern_super_son_k2_1_support_frac,deterministic,fraction,"Support fraction of the 1st listed K=2 itemset of the Super SON run (ultra_mining.log 'DEEPEST PATTERNS' block, top-3 per K): plddt_mean_high + GO:0046872. Fraction = count / 76,890,945.",log:0.07093,ultra_mining.log:32,derived
pattern_super_son_k2_2_support,deterministic,proteins,"Support count (proteins) of the 2nd listed K=2 itemset of the Super SON run (ultra_mining.log 'DEEPEST PATTERNS' block, top-3 per K): plddt_mean_med + GO:0005737.","log:4,257,942",ultra_mining.log:34,rerun
pattern_super_son_k2_2_support_frac,deterministic,fraction,"Support fraction of the 2nd listed K=2 itemset of the Super SON run (ultra_mining.log 'DEEPEST PATTERNS' block, top-3 per K): plddt_mean_med + GO:0005737. Fraction = count / 76,890,945.",log:0.05538,ultra_mining.log:34,derived
pattern_super_son_k2_3_support,deterministic,proteins,"Support count (proteins) of the 3rd listed K=2 itemset of the Super SON run (ultra_mining.log 'DEEPEST PATTERNS' block, top-3 per K): plddt_mean_high + GO:0005524.","log:3,232,658",ultra_mining.log:36,rerun
pattern_super_son_k2_3_support_frac,deterministic,fraction,"Support fraction of the 3rd listed K=2 itemset of the Super SON run (ultra_mining.log 'DEEPEST PATTERNS' block, top-3 per K): plddt_mean_high + GO:0005524. Fraction = count / 76,890,945.",log:0.04204,ultra_mining.log:36,derived
pattern_super_son_k1_1_support,deterministic,proteins,"Support count (proteins) of the 1st listed K=1 itemset of the Super SON run (ultra_mining.log 'DEEPEST PATTERNS' block, top-3 per K): GO:0005737.","log:8,257,363",ultra_mining.log:40,rerun
pattern_super_son_k1_1_support_frac,deterministic,fraction,"Support fraction of the 1st listed K=1 itemset of the Super SON run (ultra_mining.log 'DEEPEST PATTERNS' block, top-3 per K): GO:0005737. Fraction = count / 76,890,945.",log:0.10739,ultra_mining.log:40,derived
pattern_super_son_k1_2_support,deterministic,proteins,"Support count (proteins) of the 2nd listed K=1 itemset of the Super SON run (ultra_mining.log 'DEEPEST PATTERNS' block, top-3 per K): GO:0005829.","log:6,370,846",ultra_mining.log:42,rerun
pattern_super_son_k1_2_support_frac,deterministic,fraction,"Support fraction of the 2nd listed K=1 itemset of the Super SON run (ultra_mining.log 'DEEPEST PATTERNS' block, top-3 per K): GO:0005829. Fraction = count / 76,890,945.",log:0.08286,ultra_mining.log:42,derived
pattern_super_son_k1_3_support,deterministic,proteins,"Support count (proteins) of the 3rd listed K=1 itemset of the Super SON run (ultra_mining.log 'DEEPEST PATTERNS' block, top-3 per K): GO:0003677.","log:5,270,392",ultra_mining.log:44,rerun
pattern_super_son_k1_3_support_frac,deterministic,fraction,"Support fraction of the 3rd listed K=1 itemset of the Super SON run (ultra_mining.log 'DEEPEST PATTERNS' block, top-3 per K): GO:0003677. Fraction = count / 76,890,945.",log:0.06854,ultra_mining.log:44,derived
pattern_opus_k21_1_support,deterministic,proteins,"Support count (proteins) of decoded top-3 itemset #1 at K=21 of the Opus run (godmode_mining.log): plddt_mean_med + PF00271 + PF00270 + GO (18): GO:0005524, GO:0046872, GO:0003677, GO:0016887, GO:1990904, GO:0005730, GO:0006260, GO:0005654, GO:0006397, GO:0045944, GO:0003724, GO:0043138, ... (13 proteins).",log:13,godmode_mining.log:38,rerun
pattern_opus_k21_2_support,deterministic,proteins,"Support count (proteins) of decoded top-3 itemset #2 at K=21 of the Opus run (godmode_mining.log): plddt_mean_med + PF00271 + PF00270 + GO (18): GO:0005524, GO:0005737, GO:0005829, GO:0005634, GO:0016787, GO:0000287, GO:0005739, GO:0000978, GO:0030154, GO:0003697, GO:0003724, GO:0045087, ... (8 proteins; a 21-subset of the K=22 itemset).",log:8,godmode_mining.log:42,rerun
pattern_opus_k21_3_support,deterministic,proteins,"Support count (proteins) of decoded top-3 itemset #3 at K=21 of the Opus run (godmode_mining.log): plddt_mean_med + PF00271 + PF00270 + GO (18): GO:0005524, GO:0005737, GO:0005829, GO:0005634, GO:0016787, GO:0000287, GO:0005739, GO:0000978, GO:0030154, GO:0003697, GO:0003724, GO:0045087, ... (8 proteins; a 21-subset of the K=22 itemset).",log:8,godmode_mining.log:46,rerun
pattern_opus_k20_1_support,deterministic,proteins,"Support count (proteins) of decoded top-3 itemset #1 at K=20 of the Opus run (godmode_mining.log): plddt_mean_med + PF00271 + PF00270 + GO (17): GO:0005524, GO:0005829, GO:0016787, GO:0000287, GO:0005739, GO:0000978, GO:0030154, GO:0003697, GO:0003724, GO:0045087, GO:0030424, GO:0030425, ... (57 proteins).",log:57,godmode_mining.log:52,rerun
pattern_opus_k20_2_support,deterministic,proteins,"Support count (proteins) of decoded top-3 itemset #2 at K=20 of the Opus run (godmode_mining.log): plddt_mean_med + GO (19): GO:0005886, GO:0005829, GO:0008270, GO:0005739, GO:0051301, GO:0005730, GO:0006633, GO:0005874, GO:0045944, GO:0005694, GO:0016042, GO:0003682, GO:0005813, GO:0043161, GO:0000122, GO:0034599, ... (40 proteins).",log:40,godmode_mining.log:56,rerun
pattern_opus_k20_3_support,deterministic,proteins,"Support count (proteins) of decoded top-3 itemset #3 at K=20 of the Opus run (godmode_mining.log): plddt_mean_med + PF00271 + GO (18): GO:0005524, GO:0046872, GO:0003677, GO:0016887, GO:1990904, GO:0005730, GO:0006260, GO:0005654, GO:0006397, GO:0045944, GO:0003724, GO:0043138, GO:0005813, ... (15 proteins).",log:15,godmode_mining.log:59,rerun
pattern_minc4_k21_1_support,deterministic,proteins,"Support count (proteins) of decoded top-3 itemset #1 at K=21 of the holdmybeer_real run (min_count 4); the listed members and the count coincide with pattern_opus_k21_1_support: plddt_mean_med + PF00271 + PF00270 + GO (18): GO:0005524, GO:0046872, GO:0003677, GO:0016887, GO:1990904, GO:0005730, GO:0006260, GO:0005654, GO:0006397, GO:0045944, GO:0003724, GO:0043138, ... (13 proteins).",log:13,holdmybeer_real.log:44,rerun
pattern_minc4_k21_2_support,deterministic,proteins,"Support count (proteins) of decoded top-3 itemset #2 at K=21 of the holdmybeer_real run (min_count 4); the listed members and the count coincide with pattern_opus_k21_2_support: plddt_mean_med + PF00271 + PF00270 + GO (18): GO:0005524, GO:0005737, GO:0005829, GO:0005634, GO:0016787, GO:0000287, GO:0005739, GO:0000978, GO:0030154, GO:0003697, GO:0003724, GO:0045087, ... (8 proteins; a 21-subset of the K=22 itemset).",log:8,holdmybeer_real.log:48,rerun
pattern_minc4_k21_3_support,deterministic,proteins,"Support count (proteins) of decoded top-3 itemset #3 at K=21 of the holdmybeer_real run (min_count 4); the listed members and the count coincide with pattern_opus_k21_3_support: plddt_mean_med + PF00271 + PF00270 + GO (18): GO:0005524, GO:0005737, GO:0005829, GO:0005634, GO:0016787, GO:0000287, GO:0005739, GO:0000978, GO:0030154, GO:0003697, GO:0003724, GO:0045087, ... (8 proteins; a 21-subset of the K=22 itemset).",log:8,holdmybeer_real.log:52,rerun
pattern_minc4_k20_1_support,deterministic,proteins,"Support count (proteins) of decoded top-3 itemset #1 at K=20 of the holdmybeer_real run (min_count 4); the listed members and the count coincide with pattern_opus_k20_1_support: plddt_mean_med + PF00271 + PF00270 + GO (17): GO:0005524, GO:0005829, GO:0016787, GO:0000287, GO:0005739, GO:0000978, GO:0030154, GO:0003697, GO:0003724, GO:0045087, GO:0030424, GO:0030425, ... (57 proteins).",log:57,holdmybeer_real.log:58,rerun
pattern_minc4_k20_2_support,deterministic,proteins,"Support count (proteins) of decoded top-3 itemset #2 at K=20 of the holdmybeer_real run (min_count 4); the listed members and the count coincide with pattern_opus_k20_2_support: plddt_mean_med + GO (19): GO:0005886, GO:0005829, GO:0008270, GO:0005739, GO:0051301, GO:0005730, GO:0006633, GO:0005874, GO:0045944, GO:0005694, GO:0016042, GO:0003682, GO:0005813, GO:0043161, GO:0000122, GO:0034599, ... (40 proteins).",log:40,holdmybeer_real.log:62,rerun
pattern_minc4_k20_3_support,deterministic,proteins,"Support count (proteins) of decoded top-3 itemset #3 at K=20 of the holdmybeer_real run (min_count 4); the listed members and the count coincide with pattern_opus_k20_3_support: plddt_mean_med + PF00271 + GO (18): GO:0005524, GO:0046872, GO:0003677, GO:0016887, GO:1990904, GO:0005730, GO:0006260, GO:0005654, GO:0006397, GO:0045944, GO:0003724, GO:0043138, GO:0005813, ... (15 proteins).",log:15,holdmybeer_real.log:65,rerun
extract_csv_rows,external-fact,rows,"Line count of plddt_metadata.csv printed by the pipeline pre-flight ('pLDDT: 214683830 rows'; wc -l style, includes the header line = dataset_metadata_rows + 1).",log:214683830,pipeline_214m.log:8;watcher.log:17,rerun
extract_progress_dat_parsed,external-fact,records,"Periodic af-extract progress series 'Parsed NNNK DAT records...' (2,025 lines, 100K -> 202500K in steps of 100K, consolidated into one claim row per log); value = the row's own value.",log:100K → 202500K,pipeline_214m.log:11-2035;watcher.log:20-2044,rerun
extract_dat_records,external-fact,records,Annotation records loaded from uniprot_trembl.dat.gz by af-extract ('Loaded 202556314 annotations').,log:202556314,pipeline_214m.log:2036;watcher.log:2045,rerun
extract_dat_pfam_unique,external-fact,domains,"Distinct Pfam domains in the DAT annotations before the pLDDT filter (25,475; cf. dataset_pfam_families_observed = 24,291 among pLDDT-passing proteins).",log:25475,pipeline_214m.log:2036;watcher.log:2045,rerun
extract_dat_go_unique,external-fact,terms,"Distinct GO terms in the DAT annotations before the pLDDT filter (26,536; cf. dataset_go_families_observed = 25,993 among pLDDT-passing proteins).",log:26536,pipeline_214m.log:2036;watcher.log:2045,rerun
extract_csv_accession_col_index,software,column index,Index of the accession column ('accession') in plddt_metadata.csv as detected by af-extract (0).,log:0,pipeline_214m.log:2038;watcher.log:2047,setup
extract_csv_plddt_col_index,software,column index,Index of the pLDDT column ('mean_plddt') in plddt_metadata.csv as detected by af-extract (1).,log:1,pipeline_214m.log:2039;watcher.log:2048,setup
extract_progress_csv_read,deterministic,proteins,"Periodic pLDDT-CSV progress series 'Read NM rows (N passed filter)...' (21 lines, 10M..210M rows); value = proteins passed the pLDDT filter at that point (the row's own value).",log:9566439 / 19130885 / 28709742 / 38287797 / 47865323 / 57442488 / 67021898 / 76600156 / 86178558 / 95756671 / 105334770 / 114912567 / 124492183 / 134070226 / 143648378 / 153228159 / 162806075 / 172385565 / 181963510 / 191542750 / 201120299,pipeline_214m.log:2040;pipeline_214m.log:2041;pipeline_214m.log:2042;pipeline_214m.log:2043;pipeline_214m.log:2044;pipeline_214m.log:2045;pipeline_214m.log:2046;pipeline_214m.log:2047;pipeline_214m.log:2048;pipeline_214m.log:2049;pipeline_214m.log:2050;pipeline_214m.log:2051;pipeline_214m.log:2052;pipeline_214m.log:2053;pipeline_214m.log:2054;pipeline_214m.log:2055;pipeline_214m.log:2056;pipeline_214m.log:2057;pipeline_214m.log:2058;pipeline_214m.log:2059;pipeline_214m.log:2060;watcher.log:2049;watcher.log:2050;watcher.log:2051;watcher.log:2052;watcher.log:2053;watcher.log:2054;watcher.log:2055;watcher.log:2056;watcher.log:2057;watcher.log:2058;watcher.log:2059;watcher.log:2060;watcher.log:2061;watcher.log:2062;watcher.log:2063;watcher.log:2064;watcher.log:2065;watcher.log:2066;watcher.log:2067;watcher.log:2068;watcher.log:2069,rerun
extract_min_plddt,method-parameter,pLDDT,Minimum mean pLDDT for a metadata row to enter the pipeline ('passed pLDDT filter (>= 50)'; af-extract --min-plddt default).,log:50,pipeline_214m.log:2061;watcher.log:2070,setup
extract_plddt_skipped,deterministic,proteins,"Metadata rows skipped by the pLDDT filter (9,063,531 = dataset_metadata_rows - dataset_plddt_pass).",log:9063531,pipeline_214m.log:2061;watcher.log:2070,rerun
extract_progress_transactions_written,deterministic,transactions,"Periodic af-extract progress series 'Written NM transactions...' (205 lines, 1M -> 205M, consolidated into one claim row per log); value = the row's own value.",log:1M → 205M,pipeline_214m.log:2066-2270;watcher.log:2075-2279,rerun
extract_time_s,hardware-dependent,s,af-extract self-timed wall-clock of build-from-metadata ('Time: 3777.0s'); the paper's extract_time_min = 63 is the rounded minutes.,log:3777.0,pipeline_214m.log:2277;watcher.log:2286,hardware
extract_proteins_per_s,hardware-dependent,proteins/s,"af-extract throughput ('54440 proteins/sec' = 205,620,298 / 3,777.0 s).",log:54440,pipeline_214m.log:2277;watcher.log:2286,hardware
extract_wall_real_s,hardware-dependent,time (bash time format),"bash `time` real of pipeline Step 1 (af-extract) ('real 65m31.040s' = 3,931.0 s).",log:65m31.040s,pipeline_214m.log:2279;watcher.log:2288,hardware
extract_wall_user_s,hardware-dependent,time (bash time format),bash `time` user of pipeline Step 1 ('user 62m38.750s').,log:62m38.750s,pipeline_214m.log:2280;watcher.log:2289,hardware
extract_wall_sys_s,hardware-dependent,time (bash time format),bash `time` sys of pipeline Step 1 ('sys 2m52.144s').,log:2m52.144s,pipeline_214m.log:2281;watcher.log:2290,hardware
extract_items_mean,deterministic,items per transaction,"Mean items per transaction over the 205,620,298-row transactions parquet (Step 2 data stats: 'Mean: 2.2'; cf. mem_items_per_txn_214m ~10).",log:2.2,pipeline_214m.log:2289;watcher.log:2298,rerun
extract_items_max,deterministic,items per transaction,"Maximum items per transaction over the 205,620,298-row transactions parquet with the 1,006-item vocabulary (Step 2 data stats: 'Max: 46'; cf. the paper's dataset_max_features_per_protein = 22 over the 1,002 frequent items).",log:46,pipeline_214m.log:2290;watcher.log:2299,rerun
extract_rules_count,deterministic,rules,"Association rules generated from the Base SON itemsets (pipeline Step 4, min_confidence 0.5): 53,447.","log:53,447",pipeline_214m.log:2311;pipeline_214m.log:2368;watcher.log:2320;watcher.log:2377,rerun
extract_rules_time_s,hardware-dependent,s,"Rule generation time of pipeline Step 4 ('Generated 53,447 rules in 0.2s').",log:0.2,pipeline_214m.log:2311;watcher.log:2320,hardware
extract_rules_max_lift,deterministic,x,Lift of rule #1 of the 'TOP 30 BY LIFT' list = maximum lift over all rules (969x; PF01554 => GO:0015297 + GO:0042910).,log:969,pipeline_214m.log:2314;watcher.log:2323,rerun
extract_rules_toplift_1_conf,deterministic,confidence,Confidence of rule #1 of the pipeline Step 4 'TOP 30 BY LIFT' list: PF01554 => GO:0015297 + GO:0042910.,log:0.998,pipeline_214m.log:2314;watcher.log:2323,rerun
extract_rules_toplift_2_conf,deterministic,confidence,Confidence of rule #2 of the pipeline Step 4 'TOP 30 BY LIFT' list: GO:0015297 + GO:0042910 => PF01554.,log:0.999,pipeline_214m.log:2315;watcher.log:2324,rerun
extract_rules_toplift_2_lift,deterministic,x,Lift of rule #2 of the pipeline Step 4 'TOP 30 BY LIFT' list: GO:0015297 + GO:0042910 => PF01554.,log:969,pipeline_214m.log:2315;watcher.log:2324,rerun
extract_rules_toplift_3_conf,deterministic,confidence,Confidence of rule #3 of the pipeline Step 4 'TOP 30 BY LIFT' list: PF00116 => GO:0004129 + GO:0005507.,log:1.000,pipeline_214m.log:2316;pipeline_214m.log:2346;watcher.log:2325;watcher.log:2355,rerun
extract_rules_toplift_3_lift,deterministic,x,Lift of rule #3 of the pipeline Step 4 'TOP 30 BY LIFT' list: PF00116 => GO:0004129 + GO:0005507.,log:921,pipeline_214m.log:2316;pipeline_214m.log:2346;watcher.log:2325;watcher.log:2355,rerun
extract_rules_toplift_4_conf,deterministic,confidence,Confidence of rule #4 of the pipeline Step 4 'TOP 30 BY LIFT' list: GO:0004129 + GO:0005507 => PF00116.,log:0.945,pipeline_214m.log:2317;watcher.log:2326,rerun
extract_rules_toplift_4_lift,deterministic,x,Lift of rule #4 of the pipeline Step 4 'TOP 30 BY LIFT' list: GO:0004129 + GO:0005507 => PF00116.,log:921,pipeline_214m.log:2317;watcher.log:2326,rerun
extract_rules_toplift_5_conf,deterministic,confidence,Confidence of rule #5 of the pipeline Step 4 'TOP 30 BY LIFT' list: plddt_mean_med + GO:0043952 => GO:0005886 + GO:0065002.,log:0.963,pipeline_214m.log:2318;watcher.log:2327,rerun
extract_rules_toplift_5_lift,deterministic,x,Lift of rule #5 of the pipeline Step 4 'TOP 30 BY LIFT' list: plddt_mean_med + GO:0043952 => GO:0005886 + GO:0065002.,log:845,pipeline_214m.log:2318;watcher.log:2327,rerun
extract_rules_toplift_6_conf,deterministic,confidence,Confidence of rule #6 of the pipeline Step 4 'TOP 30 BY LIFT' list: GO:0005886 + GO:0065002 => plddt_mean_med + GO:0043952.,log:0.938,pipeline_214m.log:2319;watcher.log:2328,rerun
extract_rules_toplift_6_lift,deterministic,x,Lift of rule #6 of the pipeline Step 4 'TOP 30 BY LIFT' list: GO:0005886 + GO:0065002 => plddt_mean_med + GO:0043952.,log:845,pipeline_214m.log:2319;watcher.log:2328,rerun
extract_rules_toplift_7_conf,deterministic,confidence,Confidence of rule #7 of the pipeline Step 4 'TOP 30 BY LIFT' list: GO:0043952 => plddt_mean_med + GO:0005886 + GO:0065002.,log:0.940,pipeline_214m.log:2320;watcher.log:2329,rerun
extract_rules_toplift_7_lift,deterministic,x,Lift of rule #7 of the pipeline Step 4 'TOP 30 BY LIFT' list: GO:0043952 => plddt_mean_med + GO:0005886 + GO:0065002.,log:835,pipeline_214m.log:2320;watcher.log:2329,rerun
extract_rules_toplift_8_conf,deterministic,confidence,Confidence of rule #8 of the pipeline Step 4 'TOP 30 BY LIFT' list: plddt_mean_med + GO:0005886 + GO:0065002 => GO:0043952.,log:0.949,pipeline_214m.log:2321;watcher.log:2330,rerun
extract_rules_toplift_8_lift,deterministic,x,Lift of rule #8 of the pipeline Step 4 'TOP 30 BY LIFT' list: plddt_mean_med + GO:0005886 + GO:0065002 => GO:0043952.,log:835,pipeline_214m.log:2321;watcher.log:2330,rerun
extract_rules_toplift_9_conf,deterministic,confidence,Confidence of rule #9 of the pipeline Step 4 'TOP 30 BY LIFT' list: GO:0043952 => GO:0005886 + GO:0065002.,log:0.951,pipeline_214m.log:2322;watcher.log:2331,rerun
extract_rules_toplift_9_lift,deterministic,x,Lift of rule #9 of the pipeline Step 4 'TOP 30 BY LIFT' list: GO:0043952 => GO:0005886 + GO:0065002.,log:834,pipeline_214m.log:2322;watcher.log:2331,rerun
extract_rules_toplift_10_conf,deterministic,confidence,Confidence of rule #10 of the pipeline Step 4 'TOP 30 BY LIFT' list: GO:0005886 + GO:0065002 => GO:0043952.,log:0.949,pipeline_214m.log:2323;watcher.log:2332,rerun
extract_rules_toplift_10_lift,deterministic,x,Lift of rule #10 of the pipeline Step 4 'TOP 30 BY LIFT' list: GO:0005886 + GO:0065002 => GO:0043952.,log:834,pipeline_214m.log:2323;watcher.log:2332,rerun
extract_rules_toplift_11_conf,deterministic,confidence,Confidence of rule #11 of the pipeline Step 4 'TOP 30 BY LIFT' list: PF00849 => GO:0003723 + GO:0000455.,log:0.856,pipeline_214m.log:2324;watcher.log:2333,rerun
extract_rules_toplift_11_lift,deterministic,x,Lift of rule #11 of the pipeline Step 4 'TOP 30 BY LIFT' list: PF00849 => GO:0003723 + GO:0000455.,log:827,pipeline_214m.log:2324;watcher.log:2333,rerun
extract_rules_toplift_12_conf,deterministic,confidence,Confidence of rule #12 of the pipeline Step 4 'TOP 30 BY LIFT' list: GO:0003723 + GO:0000455 => PF00849.,log:0.992,pipeline_214m.log:2325;watcher.log:2334,rerun
extract_rules_toplift_12_lift,deterministic,x,Lift of rule #12 of the pipeline Step 4 'TOP 30 BY LIFT' list: GO:0003723 + GO:0000455 => PF00849.,log:827,pipeline_214m.log:2325;watcher.log:2334,rerun
extract_rules_toplift_13_conf,deterministic,confidence,Confidence of rule #13 of the pipeline Step 4 'TOP 30 BY LIFT' list: GO:0003677 + GO:0000786 => GO:0046982 + GO:0030527.,log:0.902,pipeline_214m.log:2326;watcher.log:2335,rerun
extract_rules_toplift_13_lift,deterministic,x,Lift of rule #13 of the pipeline Step 4 'TOP 30 BY LIFT' list: GO:0003677 + GO:0000786 => GO:0046982 + GO:0030527.,log:816,pipeline_214m.log:2326;watcher.log:2335,rerun
extract_rules_toplift_14_conf,deterministic,confidence,Confidence of rule #14 of the pipeline Step 4 'TOP 30 BY LIFT' list: GO:0046982 + GO:0030527 => GO:0003677 + GO:0000786.,log:0.986,pipeline_214m.log:2327;watcher.log:2336,rerun
extract_rules_toplift_14_lift,deterministic,x,Lift of rule #14 of the pipeline Step 4 'TOP 30 BY LIFT' list: GO:0046982 + GO:0030527 => GO:0003677 + GO:0000786.,log:816,pipeline_214m.log:2327;watcher.log:2336,rerun
extract_rules_toplift_15_conf,deterministic,confidence,Confidence of rule #15 of the pipeline Step 4 'TOP 30 BY LIFT' list: PF13853 => GO:0005886 + GO:0004930 + GO:0004984.,log:0.945,pipeline_214m.log:2328;watcher.log:2337,rerun
extract_rules_toplift_15_lift,deterministic,x,Lift of rule #15 of the pipeline Step 4 'TOP 30 BY LIFT' list: PF13853 => GO:0005886 + GO:0004930 + GO:0004984.,log:809,pipeline_214m.log:2328;watcher.log:2337,rerun
extract_rules_toplift_16_conf,deterministic,confidence,Confidence of rule #16 of the pipeline Step 4 'TOP 30 BY LIFT' list: GO:0005886 + GO:0004930 + GO:0004984 => PF13853.,log:0.983,pipeline_214m.log:2329;watcher.log:2338,rerun
extract_rules_toplift_16_lift,deterministic,x,Lift of rule #16 of the pipeline Step 4 'TOP 30 BY LIFT' list: GO:0005886 + GO:0004930 + GO:0004984 => PF13853.,log:809,pipeline_214m.log:2329;watcher.log:2338,rerun
extract_rules_toplift_17_conf,deterministic,confidence,Confidence of rule #17 of the pipeline Step 4 'TOP 30 BY LIFT' list: PF13853 => plddt_mean_med + GO:0005886 + GO:0004930 + GO:0004984.,log:0.940,pipeline_214m.log:2330;watcher.log:2339,rerun
extract_rules_toplift_17_lift,deterministic,x,Lift of rule #17 of the pipeline Step 4 'TOP 30 BY LIFT' list: PF13853 => plddt_mean_med + GO:0005886 + GO:0004930 + GO:0004984.,log:809,pipeline_214m.log:2330;watcher.log:2339,rerun
extract_rules_toplift_18_conf,deterministic,confidence,Confidence of rule #18 of the pipeline Step 4 'TOP 30 BY LIFT' list: plddt_mean_med + GO:0005886 + GO:0004930 + GO:0004984 => PF13853.,log:0.983,pipeline_214m.log:2331;watcher.log:2340,rerun
extract_rules_toplift_18_lift,deterministic,x,Lift of rule #18 of the pipeline Step 4 'TOP 30 BY LIFT' list: plddt_mean_med + GO:0005886 + GO:0004930 + GO:0004984 => PF13853.,log:809,pipeline_214m.log:2331;watcher.log:2340,rerun
extract_rules_toplift_19_conf,deterministic,confidence,Confidence of rule #19 of the pipeline Step 4 'TOP 30 BY LIFT' list: plddt_mean_med + PF13853 => GO:0005886 + GO:0004930 + GO:0004984.,log:0.945,pipeline_214m.log:2332;watcher.log:2341,rerun
extract_rules_toplift_19_lift,deterministic,x,Lift of rule #19 of the pipeline Step 4 'TOP 30 BY LIFT' list: plddt_mean_med + PF13853 => GO:0005886 + GO:0004930 + GO:0004984.,log:809,pipeline_214m.log:2332;watcher.log:2341,rerun
extract_rules_toplift_20_conf,deterministic,confidence,Confidence of rule #20 of the pipeline Step 4 'TOP 30 BY LIFT' list: GO:0005886 + GO:0004930 + GO:0004984 => plddt_mean_med + PF13853.,log:0.978,pipeline_214m.log:2333;watcher.log:2342,rerun
extract_rules_toplift_20_lift,deterministic,x,Lift of rule #20 of the pipeline Step 4 'TOP 30 BY LIFT' list: GO:0005886 + GO:0004930 + GO:0004984 => plddt_mean_med + PF13853.,log:809,pipeline_214m.log:2333;watcher.log:2342,rerun
extract_rules_toplift_21_conf,deterministic,confidence,Confidence of rule #21 of the pipeline Step 4 'TOP 30 BY LIFT' list: GO:0000455 => PF00849 + GO:0003723.,log:0.960,pipeline_214m.log:2334;watcher.log:2343,rerun
extract_rules_toplift_21_lift,deterministic,x,Lift of rule #21 of the pipeline Step 4 'TOP 30 BY LIFT' list: GO:0000455 => PF00849 + GO:0003723.,log:802,pipeline_214m.log:2334;watcher.log:2343,rerun
extract_rules_toplift_22_conf,deterministic,confidence,Confidence of rule #22 of the pipeline Step 4 'TOP 30 BY LIFT' list: PF00849 + GO:0003723 => GO:0000455.,log:0.857,pipeline_214m.log:2335;watcher.log:2344,rerun
extract_rules_toplift_22_lift,deterministic,x,Lift of rule #22 of the pipeline Step 4 'TOP 30 BY LIFT' list: PF00849 + GO:0003723 => GO:0000455.,log:802,pipeline_214m.log:2335;watcher.log:2344,rerun
extract_rules_toplift_23_conf,deterministic,confidence,Confidence of rule #23 of the pipeline Step 4 'TOP 30 BY LIFT' list: PF00849 => GO:0000455.,log:0.856,pipeline_214m.log:2336;watcher.log:2345,rerun
extract_rules_toplift_23_lift,deterministic,x,Lift of rule #23 of the pipeline Step 4 'TOP 30 BY LIFT' list: PF00849 => GO:0000455.,log:801,pipeline_214m.log:2336;watcher.log:2345,rerun
extract_rules_toplift_24_conf,deterministic,confidence,Confidence of rule #24 of the pipeline Step 4 'TOP 30 BY LIFT' list: GO:0000455 => PF00849.,log:0.960,pipeline_214m.log:2337;watcher.log:2346,rerun
extract_rules_toplift_24_lift,deterministic,x,Lift of rule #24 of the pipeline Step 4 'TOP 30 BY LIFT' list: GO:0000455 => PF00849.,log:801,pipeline_214m.log:2337;watcher.log:2346,rerun
extract_rules_toplift_25_conf,deterministic,confidence,Confidence of rule #25 of the pipeline Step 4 'TOP 30 BY LIFT' list: PF00005 + GO:0015833 => PF08352 + GO:0005524 + GO:0016887.,log:0.967,pipeline_214m.log:2338;watcher.log:2347,rerun
extract_rules_toplift_25_lift,deterministic,x,Lift of rule #25 of the pipeline Step 4 'TOP 30 BY LIFT' list: PF00005 + GO:0015833 => PF08352 + GO:0005524 + GO:0016887.,log:792,pipeline_214m.log:2338;watcher.log:2347,rerun
extract_rules_toplift_26_conf,deterministic,confidence,Confidence of rule #26 of the pipeline Step 4 'TOP 30 BY LIFT' list: PF00005 + GO:0005524 + GO:0015833 => PF08352 + GO:0016887.,log:0.967,pipeline_214m.log:2339;watcher.log:2348,rerun
extract_rules_toplift_26_lift,deterministic,x,Lift of rule #26 of the pipeline Step 4 'TOP 30 BY LIFT' list: PF00005 + GO:0005524 + GO:0015833 => PF08352 + GO:0016887.,log:792,pipeline_214m.log:2339;watcher.log:2348,rerun
extract_rules_toplift_27_conf,deterministic,confidence,Confidence of rule #27 of the pipeline Step 4 'TOP 30 BY LIFT' list: PF00005 + GO:0015833 => PF08352 + GO:0016887.,log:0.967,pipeline_214m.log:2340;watcher.log:2349,rerun
extract_rules_toplift_27_lift,deterministic,x,Lift of rule #27 of the pipeline Step 4 'TOP 30 BY LIFT' list: PF00005 + GO:0015833 => PF08352 + GO:0016887.,log:792,pipeline_214m.log:2340;watcher.log:2349,rerun
extract_rules_toplift_28_conf,deterministic,confidence,Confidence of rule #28 of the pipeline Step 4 'TOP 30 BY LIFT' list: PF08352 + GO:0016887 => PF00005 + GO:0005524 + GO:0015833.,log:0.990,pipeline_214m.log:2341;watcher.log:2350,rerun
extract_rules_toplift_28_lift,deterministic,x,Lift of rule #28 of the pipeline Step 4 'TOP 30 BY LIFT' list: PF08352 + GO:0016887 => PF00005 + GO:0005524 + GO:0015833.,log:792,pipeline_214m.log:2341;watcher.log:2350,rerun
extract_rules_toplift_29_conf,deterministic,confidence,Confidence of rule #29 of the pipeline Step 4 'TOP 30 BY LIFT' list: PF08352 + GO:0005524 + GO:0016887 => PF00005 + GO:0015833.,log:0.990,pipeline_214m.log:2342;watcher.log:2351,rerun
extract_rules_toplift_29_lift,deterministic,x,Lift of rule #29 of the pipeline Step 4 'TOP 30 BY LIFT' list: PF08352 + GO:0005524 + GO:0016887 => PF00005 + GO:0015833.,log:792,pipeline_214m.log:2342;watcher.log:2351,rerun
extract_rules_toplift_30_conf,deterministic,confidence,Confidence of rule #30 of the pipeline Step 4 'TOP 30 BY LIFT' list: PF08352 + GO:0016887 => PF00005 + GO:0015833.,log:0.990,pipeline_214m.log:2343;watcher.log:2352,rerun
extract_rules_toplift_30_lift,deterministic,x,Lift of rule #30 of the pipeline Step 4 'TOP 30 BY LIFT' list: PF08352 + GO:0016887 => PF00005 + GO:0015833.,log:792,pipeline_214m.log:2343;watcher.log:2352,rerun
extract_rules_topconf_2_conf,deterministic,confidence,Confidence of rule #2 of the pipeline Step 4 'TOP 20 BY CONFIDENCE' list (#1 of that list is the same rule as 'TOP 30 BY LIFT' #3): PF00905 + GO:0071555 => GO:0008658.,log:1.000,pipeline_214m.log:2347;watcher.log:2356,rerun
extract_rules_topconf_2_lift,deterministic,x,Lift of rule #2 of the pipeline Step 4 'TOP 20 BY CONFIDENCE' list: PF00905 + GO:0071555 => GO:0008658.,log:776,pipeline_214m.log:2347;watcher.log:2356,rerun
extract_rules_topconf_3_conf,deterministic,confidence,Confidence of rule #3 of the pipeline Step 4 'TOP 20 BY CONFIDENCE' list (#1 of that list is the same rule as 'TOP 30 BY LIFT' #3): PF00905 => GO:0008658.,log:1.000,pipeline_214m.log:2348;watcher.log:2357,rerun
extract_rules_topconf_3_lift,deterministic,x,Lift of rule #3 of the pipeline Step 4 'TOP 20 BY CONFIDENCE' list: PF00905 => GO:0008658.,log:776,pipeline_214m.log:2348;watcher.log:2357,rerun
extract_rules_topconf_4_conf,deterministic,confidence,Confidence of rule #4 of the pipeline Step 4 'TOP 20 BY CONFIDENCE' list (#1 of that list is the same rule as 'TOP 30 BY LIFT' #3): PF01824 + PF01348 + GO:0009507 => plddt_mean_med + GO:0003723 + GO:0006397 + GO:0008033.,log:1.000,pipeline_214m.log:2349;watcher.log:2358,rerun
extract_rules_topconf_4_lift,deterministic,x,Lift of rule #4 of the pipeline Step 4 'TOP 20 BY CONFIDENCE' list: PF01824 + PF01348 + GO:0009507 => plddt_mean_med + GO:0003723 + GO:0006397 + GO:0008033.,log:735,pipeline_214m.log:2349;watcher.log:2358,rerun
extract_rules_topconf_5_conf,deterministic,confidence,Confidence of rule #5 of the pipeline Step 4 'TOP 20 BY CONFIDENCE' list (#1 of that list is the same rule as 'TOP 30 BY LIFT' #3): PF01348 + GO:0009507 => plddt_mean_med + GO:0003723 + GO:0006397 + GO:0008033.,log:1.000,pipeline_214m.log:2350;watcher.log:2359,rerun
extract_rules_topconf_5_lift,deterministic,x,Lift of rule #5 of the pipeline Step 4 'TOP 20 BY CONFIDENCE' list: PF01348 + GO:0009507 => plddt_mean_med + GO:0003723 + GO:0006397 + GO:0008033.,log:735,pipeline_214m.log:2350;watcher.log:2359,rerun
extract_rules_topconf_6_conf,deterministic,confidence,Confidence of rule #6 of the pipeline Step 4 'TOP 20 BY CONFIDENCE' list (#1 of that list is the same rule as 'TOP 30 BY LIFT' #3): plddt_mean_med + PF01824 + PF01348 + GO:0009507 => GO:0003723 + GO:0006397 + GO:0008033.,log:1.000,pipeline_214m.log:2351;watcher.log:2360,rerun
extract_rules_topconf_6_lift,deterministic,x,Lift of rule #6 of the pipeline Step 4 'TOP 20 BY CONFIDENCE' list: plddt_mean_med + PF01824 + PF01348 + GO:0009507 => GO:0003723 + GO:0006397 + GO:0008033.,log:734,pipeline_214m.log:2351;watcher.log:2360,rerun
extract_rules_topconf_7_conf,deterministic,confidence,Confidence of rule #7 of the pipeline Step 4 'TOP 20 BY CONFIDENCE' list (#1 of that list is the same rule as 'TOP 30 BY LIFT' #3): PF01348 + GO:0009507 => GO:0003723 + GO:0006397 + GO:0008033.,log:1.000,pipeline_214m.log:2352;watcher.log:2361,rerun
extract_rules_topconf_7_lift,deterministic,x,Lift of rule #7 of the pipeline Step 4 'TOP 20 BY CONFIDENCE' list: PF01348 + GO:0009507 => GO:0003723 + GO:0006397 + GO:0008033.,log:734,pipeline_214m.log:2352;watcher.log:2361,rerun
extract_rules_topconf_8_conf,deterministic,confidence,Confidence of rule #8 of the pipeline Step 4 'TOP 20 BY CONFIDENCE' list (#1 of that list is the same rule as 'TOP 30 BY LIFT' #3): plddt_mean_med + PF01348 + GO:0009507 => GO:0003723 + GO:0006397 + GO:0008033.,log:1.000,pipeline_214m.log:2353;watcher.log:2362,rerun
extract_rules_topconf_8_lift,deterministic,x,Lift of rule #8 of the pipeline Step 4 'TOP 20 BY CONFIDENCE' list: plddt_mean_med + PF01348 + GO:0009507 => GO:0003723 + GO:0006397 + GO:0008033.,log:734,pipeline_214m.log:2353;watcher.log:2362,rerun
extract_rules_topconf_9_conf,deterministic,confidence,Confidence of rule #9 of the pipeline Step 4 'TOP 20 BY CONFIDENCE' list (#1 of that list is the same rule as 'TOP 30 BY LIFT' #3): PF01824 + PF01348 + GO:0009507 => GO:0003723 + GO:0006397 + GO:0008033.,log:1.000,pipeline_214m.log:2354;watcher.log:2363,rerun
extract_rules_topconf_9_lift,deterministic,x,Lift of rule #9 of the pipeline Step 4 'TOP 20 BY CONFIDENCE' list: PF01824 + PF01348 + GO:0009507 => GO:0003723 + GO:0006397 + GO:0008033.,log:734,pipeline_214m.log:2354;watcher.log:2363,rerun
extract_rules_topconf_10_conf,deterministic,confidence,Confidence of rule #10 of the pipeline Step 4 'TOP 20 BY CONFIDENCE' list (#1 of that list is the same rule as 'TOP 30 BY LIFT' #3): PF01824 + PF01348 + GO:0003723 => plddt_mean_med + GO:0006397 + GO:0008033.,log:1.000,pipeline_214m.log:2355;watcher.log:2364,rerun
extract_rules_topconf_10_lift,deterministic,x,Lift of rule #10 of the pipeline Step 4 'TOP 20 BY CONFIDENCE' list: PF01824 + PF01348 + GO:0003723 => plddt_mean_med + GO:0006397 + GO:0008033.,log:681,pipeline_214m.log:2355;watcher.log:2364,rerun
extract_rules_topconf_11_conf,deterministic,confidence,Confidence of rule #11 of the pipeline Step 4 'TOP 20 BY CONFIDENCE' list (#1 of that list is the same rule as 'TOP 30 BY LIFT' #3): PF01824 + PF01348 + GO:0003723 + GO:0009507 => plddt_mean_med + GO:0006397 + GO:0008033.,log:1.000,pipeline_214m.log:2356;watcher.log:2365,rerun
extract_rules_topconf_11_lift,deterministic,x,Lift of rule #11 of the pipeline Step 4 'TOP 20 BY CONFIDENCE' list: PF01824 + PF01348 + GO:0003723 + GO:0009507 => plddt_mean_med + GO:0006397 + GO:0008033.,log:681,pipeline_214m.log:2356;watcher.log:2365,rerun
extract_rules_topconf_12_conf,deterministic,confidence,Confidence of rule #12 of the pipeline Step 4 'TOP 20 BY CONFIDENCE' list (#1 of that list is the same rule as 'TOP 30 BY LIFT' #3): PF01824 + PF01348 + GO:0009507 => plddt_mean_med + GO:0006397 + GO:0008033.,log:1.000,pipeline_214m.log:2357;watcher.log:2366,rerun
extract_rules_topconf_12_lift,deterministic,x,Lift of rule #12 of the pipeline Step 4 'TOP 20 BY CONFIDENCE' list: PF01824 + PF01348 + GO:0009507 => plddt_mean_med + GO:0006397 + GO:0008033.,log:681,pipeline_214m.log:2357;watcher.log:2366,rerun
extract_rules_topconf_13_conf,deterministic,confidence,Confidence of rule #13 of the pipeline Step 4 'TOP 20 BY CONFIDENCE' list (#1 of that list is the same rule as 'TOP 30 BY LIFT' #3): PF01348 + GO:0003723 + GO:0009507 => plddt_mean_med + GO:0006397 + GO:0008033.,log:1.000,pipeline_214m.log:2358;watcher.log:2367,rerun
extract_rules_topconf_13_lift,deterministic,x,Lift of rule #13 of the pipeline Step 4 'TOP 20 BY CONFIDENCE' list: PF01348 + GO:0003723 + GO:0009507 => plddt_mean_med + GO:0006397 + GO:0008033.,log:681,pipeline_214m.log:2358;watcher.log:2367,rerun
extract_rules_topconf_14_conf,deterministic,confidence,Confidence of rule #14 of the pipeline Step 4 'TOP 20 BY CONFIDENCE' list (#1 of that list is the same rule as 'TOP 30 BY LIFT' #3): PF01824 + GO:0003723 => plddt_mean_med + GO:0006397 + GO:0008033.,log:1.000,pipeline_214m.log:2359;watcher.log:2368,rerun
extract_rules_topconf_14_lift,deterministic,x,Lift of rule #14 of the pipeline Step 4 'TOP 20 BY CONFIDENCE' list: PF01824 + GO:0003723 => plddt_mean_med + GO:0006397 + GO:0008033.,log:681,pipeline_214m.log:2359;watcher.log:2368,rerun
extract_rules_topconf_15_conf,deterministic,confidence,Confidence of rule #15 of the pipeline Step 4 'TOP 20 BY CONFIDENCE' list (#1 of that list is the same rule as 'TOP 30 BY LIFT' #3): PF01348 + GO:0009507 => plddt_mean_med + GO:0006397 + GO:0008033.,log:1.000,pipeline_214m.log:2360;watcher.log:2369,rerun
extract_rules_topconf_15_lift,deterministic,x,Lift of rule #15 of the pipeline Step 4 'TOP 20 BY CONFIDENCE' list: PF01348 + GO:0009507 => plddt_mean_med + GO:0006397 + GO:0008033.,log:681,pipeline_214m.log:2360;watcher.log:2369,rerun
extract_rules_topconf_16_conf,deterministic,confidence,Confidence of rule #16 of the pipeline Step 4 'TOP 20 BY CONFIDENCE' list (#1 of that list is the same rule as 'TOP 30 BY LIFT' #3): PF01824 + GO:0003723 + GO:0009507 => plddt_mean_med + GO:0006397 + GO:0008033.,log:1.000,pipeline_214m.log:2361;watcher.log:2370,rerun
extract_rules_topconf_16_lift,deterministic,x,Lift of rule #16 of the pipeline Step 4 'TOP 20 BY CONFIDENCE' list: PF01824 + GO:0003723 + GO:0009507 => plddt_mean_med + GO:0006397 + GO:0008033.,log:681,pipeline_214m.log:2361;watcher.log:2370,rerun
extract_rules_topconf_17_conf,deterministic,confidence,Confidence of rule #17 of the pipeline Step 4 'TOP 20 BY CONFIDENCE' list (#1 of that list is the same rule as 'TOP 30 BY LIFT' #3): PF01824 + PF01348 + GO:0009507 + GO:0006397 => plddt_mean_med + GO:0003723 + GO:0008033.,log:1.000,pipeline_214m.log:2362;watcher.log:2371,rerun
extract_rules_topconf_17_lift,deterministic,x,Lift of rule #17 of the pipeline Step 4 'TOP 20 BY CONFIDENCE' list: PF01824 + PF01348 + GO:0009507 + GO:0006397 => plddt_mean_med + GO:0003723 + GO:0008033.,log:663,pipeline_214m.log:2362;watcher.log:2371,rerun
extract_rules_topconf_18_conf,deterministic,confidence,Confidence of rule #18 of the pipeline Step 4 'TOP 20 BY CONFIDENCE' list (#1 of that list is the same rule as 'TOP 30 BY LIFT' #3): PF01348 + GO:0009507 + GO:0006397 => plddt_mean_med + GO:0003723 + GO:0008033.,log:1.000,pipeline_214m.log:2363;watcher.log:2372,rerun
extract_rules_topconf_18_lift,deterministic,x,Lift of rule #18 of the pipeline Step 4 'TOP 20 BY CONFIDENCE' list: PF01348 + GO:0009507 + GO:0006397 => plddt_mean_med + GO:0003723 + GO:0008033.,log:663,pipeline_214m.log:2363;watcher.log:2372,rerun
extract_rules_topconf_19_conf,deterministic,confidence,Confidence of rule #19 of the pipeline Step 4 'TOP 20 BY CONFIDENCE' list (#1 of that list is the same rule as 'TOP 30 BY LIFT' #3): PF01348 + GO:0009507 => plddt_mean_med + GO:0003723 + GO:0008033.,log:1.000,pipeline_214m.log:2364;watcher.log:2373,rerun
extract_rules_topconf_19_lift,deterministic,x,Lift of rule #19 of the pipeline Step 4 'TOP 20 BY CONFIDENCE' list: PF01348 + GO:0009507 => plddt_mean_med + GO:0003723 + GO:0008033.,log:663,pipeline_214m.log:2364;watcher.log:2373,rerun
extract_rules_topconf_20_conf,deterministic,confidence,Confidence of rule #20 of the pipeline Step 4 'TOP 20 BY CONFIDENCE' list (#1 of that list is the same rule as 'TOP 30 BY LIFT' #3): PF01824 + PF01348 + GO:0009507 => plddt_mean_med + GO:0003723 + GO:0008033.,log:1.000,pipeline_214m.log:2365;watcher.log:2374,rerun
extract_rules_topconf_20_lift,deterministic,x,Lift of rule #20 of the pipeline Step 4 'TOP 20 BY CONFIDENCE' list: PF01824 + PF01348 + GO:0009507 => plddt_mean_med + GO:0003723 + GO:0008033.,log:663,pipeline_214m.log:2365;watcher.log:2374,rerun
extract_rules_conf_ge99,deterministic,rules,"Rules with confidence >= 99% in the Step 4 summary (12,776).","log:12,776",pipeline_214m.log:2369;watcher.log:2378,rerun
extract_rules_conf_ge90,deterministic,rules,"Rules with confidence >= 90% in the Step 4 summary (31,775).","log:31,775",pipeline_214m.log:2370;watcher.log:2379,rerun
extract_rules_lift_ge5,deterministic,rules,"Rules with lift >= 5.0 in the Step 4 summary (51,126).","log:51,126",pipeline_214m.log:2371;watcher.log:2380,rerun
extract_rules_lift_ge100,deterministic,rules,"Rules with lift >= 100 in the Step 4 summary (40,428).","log:40,428",pipeline_214m.log:2372;watcher.log:2381,rerun
extract_rules_cross_domain,deterministic,rules,"Cross-domain (Pfam<=>GO) rules in the Step 4 summary (45,286).","log:45,286",pipeline_214m.log:2373;watcher.log:2382,rerun
download_size_gib,external-fact,GiB,"Total size of uniprot_trembl.dat.gz as reported by aria2c in the watcher progress line (149GiB). The du-style '150G' figures ('TrEMBL: 150G', 'File size: 150G') are keyed to dataset_annotation_gb.",log:149GiB,watcher.log:4,hardware
download_progress_first,hardware-dependent,snapshot,First aria2c progress snapshot captured by the watcher ('62GiB/149GiB(42%) CN:16 DL:50MiB ETA:29m13s').,log:62GiB/149GiB (42%),watcher.log:4,hardware
download_progress_last,hardware-dependent,snapshot,Last aria2c progress snapshot captured by the watcher ('145GiB/149GiB(97%) CN:16 DL:55MiB ETA:1m18s'); no 100% snapshot was captured.,log:145GiB/149GiB (97%),watcher.log:4,hardware
download_connections,method-parameter,connections,aria2c connection count ('CN:16' in all 45 snapshots).,log:16,watcher.log:4,hardware
download_speed_mib_s,hardware-dependent,MiB/s,Range of aria2c download rates over the captured snapshots (26-100 MiB/s).,log:26–100,watcher.log:4,hardware
download_disk_usage_bracket,hardware-dependent,G,"Bracketed '[NNNG]' prefix of the watcher progress line (extractor reading: disk usage), first -> last (145G -> 150G).",log:145G → 150G,watcher.log:4,hardware
download_snapshot_count,software,snapshots,Number of carriage-return-separated aria2c snapshots on watcher.log line 4 (45 total / 25 consecutive-distinct; 46 CR-separated segments).,log:45 / 25 (CR-separated segments: 46),watcher.log:4,hardware
meta_log_ultra_start_timestamp,external-fact,timestamp,"Python-logging timestamp of the Ultra run's 'Direct CSR path' start line (2026-02-09 06:05:03,735).","log:2026-02-09 06:05:03,735",beyond_mining.log:8,external
meta_log_blitz_start_timestamp,external-fact,timestamp,"Python-logging timestamp of the Blitz run's 'Direct CSR path' start line (2026-02-09 05:46:42,182).","log:2026-02-09 05:46:42,182",direct_mining.log:14,external
meta_log_opus_start_timestamp,external-fact,timestamp,"Python-logging timestamp of the Opus run's 'Direct CSR path' start line (2026-02-09 06:42:58,031).","log:2026-02-09 06:42:58,031",godmode_mining.log:2,external
meta_log_pipeline_start_timestamp,external-fact,timestamp,"Start time of the FULL 214M pipeline (banner 'Mon Feb 9 03:40:36 UTC 2026' in pipeline_214m.log and watcher.log, and the watcher's 'Starting full pipeline at' hand-off line).",log:Mon Feb  9 03:40:36 UTC 2026,pipeline_214m.log:3;watcher.log:7;watcher.log:12,external
meta_log_extract_start_timestamp,external-fact,timestamp,"af-extract start timestamp ('Build Transactions from Metadata' banner, 2026-02-09T03:40:38.963Z).",log:2026-02-09T03:40:38.963Z,pipeline_214m.log:9;watcher.log:18,external
meta_log_extract_end_timestamp,external-fact,timestamp,af-extract '=== Results ===' banner timestamp = end of the Step 1 binary (2026-02-09T04:43:35.999Z).,log:2026-02-09T04:43:35.999Z,pipeline_214m.log:2272;watcher.log:2281,external
meta_log_pipeline_end_timestamp,external-fact,timestamp,End time of the FULL 214M pipeline ('PIPELINE COMPLETE - Mon Feb 9 04:48:08 UTC 2026').,log:Mon Feb  9 04:48:08 UTC 2026,pipeline_214m.log:2376;watcher.log:2385,external
